--------------------------------------------------------
--  File created - Tuesday-December-17-2013   
--------------------------------------------------------
--------------------------------------------------------
--  DDL for Sequence BUG_SEQ
--------------------------------------------------------

   CREATE SEQUENCE  "ZAZ"."BUG_SEQ"  MINVALUE 1 MAXVALUE 9999999999999999999999999999 INCREMENT BY 1 START WITH 121 CACHE 20 NOORDER  NOCYCLE ;
--------------------------------------------------------
--  DDL for Sequence SEVERITY_SEQ
--------------------------------------------------------

   CREATE SEQUENCE  "ZAZ"."SEVERITY_SEQ"  MINVALUE 1 MAXVALUE 9999999999999999999999999999 INCREMENT BY 1 START WITH 21 CACHE 20 NOORDER  NOCYCLE ;
--------------------------------------------------------
--  DDL for Sequence PROJECT_SEQ
--------------------------------------------------------

   CREATE SEQUENCE  "ZAZ"."PROJECT_SEQ"  MINVALUE 1 MAXVALUE 9999999999999999999999999999 INCREMENT BY 1 START WITH 41 CACHE 20 NOORDER  NOCYCLE ;
--------------------------------------------------------
--  DDL for Sequence POS_SEQ
--------------------------------------------------------

   CREATE SEQUENCE  "ZAZ"."POS_SEQ"  MINVALUE 1 MAXVALUE 9999999999999999999999999999 INCREMENT BY 1 START WITH 21 CACHE 20 NOORDER  NOCYCLE ;
--------------------------------------------------------
--  DDL for Sequence EMP_SEQ
--------------------------------------------------------

   CREATE SEQUENCE  "ZAZ"."EMP_SEQ"  MINVALUE 1 MAXVALUE 9999999999999999999999999999 INCREMENT BY 1 START WITH 21 CACHE 20 NOORDER  NOCYCLE ;
--------------------------------------------------------
--  DDL for Sequence COMPONENT_SEQ
--------------------------------------------------------

   CREATE SEQUENCE  "ZAZ"."COMPONENT_SEQ"  MINVALUE 1 MAXVALUE 9999999999999999999999999999 INCREMENT BY 1 START WITH 21 CACHE 20 NOORDER  NOCYCLE ;
--------------------------------------------------------
--  DDL for Sequence BA_SEQ
--------------------------------------------------------

   CREATE SEQUENCE  "ZAZ"."BA_SEQ"  MINVALUE 1 MAXVALUE 9999999999999999999999999999 INCREMENT BY 1 START WITH 1 CACHE 20 NOORDER  NOCYCLE ;
--------------------------------------------------------
--  DDL for Sequence STATUS_SEQ
--------------------------------------------------------

   CREATE SEQUENCE  "ZAZ"."STATUS_SEQ"  MINVALUE 1 MAXVALUE 9999999999999999999999999999 INCREMENT BY 1 START WITH 21 CACHE 20 NOORDER  NOCYCLE ;
--------------------------------------------------------
--  DDL for Table BUG
--------------------------------------------------------

  CREATE TABLE "ZAZ"."BUG" 
   (	"BUGID" NUMBER(*,0), 
	"BUGPROJECTID" NUMBER(*,0), 
	"BUGTITLE" VARCHAR2(255 BYTE), 
	"BUGSUMMARY" VARCHAR2(1000 BYTE), 
	"BUGSUBMITTED" TIMESTAMP (6), 
	"BUGREPORTERID" NUMBER(*,0), 
	"BUGFIXERID" NUMBER(*,0), 
	"BUGPRIORIY" NUMBER(1,0), 
	"BUGSEVERITYID" NUMBER(*,0), 
	"BUGCOMPONENTID" NUMBER(*,0), 
	"BUGBUILD" NUMBER(*,0), 
	"BUGSTATUSID" NUMBER(*,0)
   ) SEGMENT CREATION IMMEDIATE 
  PCTFREE 10 PCTUSED 40 INITRANS 1 MAXTRANS 255 NOCOMPRESS LOGGING
  STORAGE(INITIAL 65536 NEXT 1048576 MINEXTENTS 1 MAXEXTENTS 2147483645
  PCTINCREASE 0 FREELISTS 1 FREELIST GROUPS 1 BUFFER_POOL DEFAULT FLASH_CACHE DEFAULT CELL_FLASH_CACHE DEFAULT)
  TABLESPACE "USERS" ;
--------------------------------------------------------
--  DDL for Table SEVERITY
--------------------------------------------------------

  CREATE TABLE "ZAZ"."SEVERITY" 
   (	"SEVERITYID" NUMBER(*,0), 
	"SEVERITYNAME" VARCHAR2(100 BYTE)
   ) SEGMENT CREATION IMMEDIATE 
  PCTFREE 10 PCTUSED 40 INITRANS 1 MAXTRANS 255 NOCOMPRESS LOGGING
  STORAGE(INITIAL 65536 NEXT 1048576 MINEXTENTS 1 MAXEXTENTS 2147483645
  PCTINCREASE 0 FREELISTS 1 FREELIST GROUPS 1 BUFFER_POOL DEFAULT FLASH_CACHE DEFAULT CELL_FLASH_CACHE DEFAULT)
  TABLESPACE "USERS" ;
--------------------------------------------------------
--  DDL for Table PROJECT
--------------------------------------------------------

  CREATE TABLE "ZAZ"."PROJECT" 
   (	"PROJECTID" NUMBER(*,0), 
	"PROJECTTITLE" VARCHAR2(256 BYTE), 
	"PROJECTDESCRIPTION" VARCHAR2(1000 BYTE), 
	"PROJECTPRICE" NUMBER(*,0)
   ) SEGMENT CREATION IMMEDIATE 
  PCTFREE 10 PCTUSED 40 INITRANS 1 MAXTRANS 255 NOCOMPRESS LOGGING
  STORAGE(INITIAL 65536 NEXT 1048576 MINEXTENTS 1 MAXEXTENTS 2147483645
  PCTINCREASE 0 FREELISTS 1 FREELIST GROUPS 1 BUFFER_POOL DEFAULT FLASH_CACHE DEFAULT CELL_FLASH_CACHE DEFAULT)
  TABLESPACE "USERS" ;
--------------------------------------------------------
--  DDL for Table POSITION
--------------------------------------------------------

  CREATE TABLE "ZAZ"."POSITION" 
   (	"POSITIONID" NUMBER(*,0), 
	"POSITIONNAME" VARCHAR2(10 BYTE)
   ) SEGMENT CREATION IMMEDIATE 
  PCTFREE 10 PCTUSED 40 INITRANS 1 MAXTRANS 255 NOCOMPRESS LOGGING
  STORAGE(INITIAL 65536 NEXT 1048576 MINEXTENTS 1 MAXEXTENTS 2147483645
  PCTINCREASE 0 FREELISTS 1 FREELIST GROUPS 1 BUFFER_POOL DEFAULT FLASH_CACHE DEFAULT CELL_FLASH_CACHE DEFAULT)
  TABLESPACE "USERS" ;
--------------------------------------------------------
--  DDL for Table EMPLOYEE
--------------------------------------------------------

  CREATE TABLE "ZAZ"."EMPLOYEE" 
   (	"EMPID" NUMBER(*,0), 
	"EMPFNAME" VARCHAR2(80 BYTE), 
	"EMPSNAME" VARCHAR2(80 BYTE), 
	"EMPPOSITIONID" NUMBER(*,0)
   ) SEGMENT CREATION IMMEDIATE 
  PCTFREE 10 PCTUSED 40 INITRANS 1 MAXTRANS 255 NOCOMPRESS LOGGING
  STORAGE(INITIAL 65536 NEXT 1048576 MINEXTENTS 1 MAXEXTENTS 2147483645
  PCTINCREASE 0 FREELISTS 1 FREELIST GROUPS 1 BUFFER_POOL DEFAULT FLASH_CACHE DEFAULT CELL_FLASH_CACHE DEFAULT)
  TABLESPACE "USERS" ;
--------------------------------------------------------
--  DDL for Table COMPONENT
--------------------------------------------------------

  CREATE TABLE "ZAZ"."COMPONENT" 
   (	"COMPONENTID" NUMBER(*,0), 
	"COMPONENTTITLE" VARCHAR2(120 BYTE)
   ) SEGMENT CREATION IMMEDIATE 
  PCTFREE 10 PCTUSED 40 INITRANS 1 MAXTRANS 255 NOCOMPRESS LOGGING
  STORAGE(INITIAL 65536 NEXT 1048576 MINEXTENTS 1 MAXEXTENTS 2147483645
  PCTINCREASE 0 FREELISTS 1 FREELIST GROUPS 1 BUFFER_POOL DEFAULT FLASH_CACHE DEFAULT CELL_FLASH_CACHE DEFAULT)
  TABLESPACE "USERS" ;
--------------------------------------------------------
--  DDL for Table BUGACTIVITY
--------------------------------------------------------

  CREATE TABLE "ZAZ"."BUGACTIVITY" 
   (	"BAID" NUMBER(*,0), 
	"BABUGID" NUMBER(*,0), 
	"BAEMPID" NUMBER(*,0), 
	"BADATEREPORT" NUMBER(*,0), 
	"BAFILENAME" NUMBER(*,0)
   ) SEGMENT CREATION DEFERRED 
  PCTFREE 10 PCTUSED 40 INITRANS 1 MAXTRANS 255 NOCOMPRESS LOGGING
  TABLESPACE "USERS" ;
--------------------------------------------------------
--  DDL for Table STATUS
--------------------------------------------------------

  CREATE TABLE "ZAZ"."STATUS" 
   (	"STATUSID" NUMBER(*,0), 
	"STATUSNAME" VARCHAR2(100 BYTE)
   ) SEGMENT CREATION IMMEDIATE 
  PCTFREE 10 PCTUSED 40 INITRANS 1 MAXTRANS 255 NOCOMPRESS LOGGING
  STORAGE(INITIAL 65536 NEXT 1048576 MINEXTENTS 1 MAXEXTENTS 2147483645
  PCTINCREASE 0 FREELISTS 1 FREELIST GROUPS 1 BUFFER_POOL DEFAULT FLASH_CACHE DEFAULT CELL_FLASH_CACHE DEFAULT)
  TABLESPACE "USERS" ;
REM INSERTING into ZAZ.BUG
SET DEFINE OFF;
Insert into ZAZ.BUG (BUGID,BUGPROJECTID,BUGTITLE,BUGSUMMARY,BUGSUBMITTED,BUGREPORTERID,BUGFIXERID,BUGPRIORIY,BUGSEVERITYID,BUGCOMPONENTID,BUGBUILD,BUGSTATUSID) values (1,1,'asp.net werrd','werird behavior',to_timestamp('17-DEC-13 11.47.44.820000000 AM','DD-MON-RR HH.MI.SSXFF AM'),1,1,1,1,1,1234,1);
Insert into ZAZ.BUG (BUGID,BUGPROJECTID,BUGTITLE,BUGSUMMARY,BUGSUBMITTED,BUGREPORTERID,BUGFIXERID,BUGPRIORIY,BUGSEVERITYID,BUGCOMPONENTID,BUGBUILD,BUGSTATUSID) values (2,1,'asp.net werrd','werird behavior',to_timestamp('17-DEC-13 11.51.29.844000000 AM','DD-MON-RR HH.MI.SSXFF AM'),1,1,1,1,1,1234,1);
Insert into ZAZ.BUG (BUGID,BUGPROJECTID,BUGTITLE,BUGSUMMARY,BUGSUBMITTED,BUGREPORTERID,BUGFIXERID,BUGPRIORIY,BUGSEVERITYID,BUGCOMPONENTID,BUGBUILD,BUGSTATUSID) values (3,1,'asp.net werrd','werird behavior',to_timestamp('17-DEC-13 11.51.29.849000000 AM','DD-MON-RR HH.MI.SSXFF AM'),3,7,7,5,3,1234,5);
Insert into ZAZ.BUG (BUGID,BUGPROJECTID,BUGTITLE,BUGSUMMARY,BUGSUBMITTED,BUGREPORTERID,BUGFIXERID,BUGPRIORIY,BUGSEVERITYID,BUGCOMPONENTID,BUGBUILD,BUGSTATUSID) values (6,1,'asp.net werrd','werird behavior',to_timestamp('17-DEC-13 11.51.29.910000000 AM','DD-MON-RR HH.MI.SSXFF AM'),6,5,4,3,2,1234,1);
Insert into ZAZ.BUG (BUGID,BUGPROJECTID,BUGTITLE,BUGSUMMARY,BUGSUBMITTED,BUGREPORTERID,BUGFIXERID,BUGPRIORIY,BUGSEVERITYID,BUGCOMPONENTID,BUGBUILD,BUGSTATUSID) values (10,1,'asp.net werrd','werird behavior',to_timestamp('17-DEC-13 11.51.29.956000000 AM','DD-MON-RR HH.MI.SSXFF AM'),4,6,4,3,3,1234,5);
Insert into ZAZ.BUG (BUGID,BUGPROJECTID,BUGTITLE,BUGSUMMARY,BUGSUBMITTED,BUGREPORTERID,BUGFIXERID,BUGPRIORIY,BUGSEVERITYID,BUGCOMPONENTID,BUGBUILD,BUGSTATUSID) values (11,1,'asp.net werrd','werird behavior',to_timestamp('17-DEC-13 11.52.07.269000000 AM','DD-MON-RR HH.MI.SSXFF AM'),8,8,1,5,3,1234,2);
Insert into ZAZ.BUG (BUGID,BUGPROJECTID,BUGTITLE,BUGSUMMARY,BUGSUBMITTED,BUGREPORTERID,BUGFIXERID,BUGPRIORIY,BUGSEVERITYID,BUGCOMPONENTID,BUGBUILD,BUGSTATUSID) values (13,1,'asp.net werrd','werird behavior',to_timestamp('17-DEC-13 11.52.25.808000000 AM','DD-MON-RR HH.MI.SSXFF AM'),9,8,1,4,3,1234,6);
Insert into ZAZ.BUG (BUGID,BUGPROJECTID,BUGTITLE,BUGSUMMARY,BUGSUBMITTED,BUGREPORTERID,BUGFIXERID,BUGPRIORIY,BUGSEVERITYID,BUGCOMPONENTID,BUGBUILD,BUGSTATUSID) values (14,1,'asp.net werrd','werird behavior',to_timestamp('17-DEC-13 11.52.51.236000000 AM','DD-MON-RR HH.MI.SSXFF AM'),1,1,1,1,1,1234,1);
Insert into ZAZ.BUG (BUGID,BUGPROJECTID,BUGTITLE,BUGSUMMARY,BUGSUBMITTED,BUGREPORTERID,BUGFIXERID,BUGPRIORIY,BUGSEVERITYID,BUGCOMPONENTID,BUGBUILD,BUGSTATUSID) values (15,1,'asp.net werrd','werird behavior',to_timestamp('17-DEC-13 11.52.51.240000000 AM','DD-MON-RR HH.MI.SSXFF AM'),3,7,7,5,3,1234,5);
Insert into ZAZ.BUG (BUGID,BUGPROJECTID,BUGTITLE,BUGSUMMARY,BUGSUBMITTED,BUGREPORTERID,BUGFIXERID,BUGPRIORIY,BUGSEVERITYID,BUGCOMPONENTID,BUGBUILD,BUGSTATUSID) values (16,1,'asp.net werrd','werird behavior',to_timestamp('17-DEC-13 11.52.51.243000000 AM','DD-MON-RR HH.MI.SSXFF AM'),8,8,1,5,3,1234,2);
Insert into ZAZ.BUG (BUGID,BUGPROJECTID,BUGTITLE,BUGSUMMARY,BUGSUBMITTED,BUGREPORTERID,BUGFIXERID,BUGPRIORIY,BUGSEVERITYID,BUGCOMPONENTID,BUGBUILD,BUGSTATUSID) values (17,1,'asp.net werrd','werird behavior',to_timestamp('17-DEC-13 11.52.51.245000000 AM','DD-MON-RR HH.MI.SSXFF AM'),9,8,1,4,3,1234,6);
Insert into ZAZ.BUG (BUGID,BUGPROJECTID,BUGTITLE,BUGSUMMARY,BUGSUBMITTED,BUGREPORTERID,BUGFIXERID,BUGPRIORIY,BUGSEVERITYID,BUGCOMPONENTID,BUGBUILD,BUGSTATUSID) values (18,1,'asp.net werrd','werird behavior',to_timestamp('17-DEC-13 11.52.51.265000000 AM','DD-MON-RR HH.MI.SSXFF AM'),6,5,4,3,2,1234,1);
Insert into ZAZ.BUG (BUGID,BUGPROJECTID,BUGTITLE,BUGSUMMARY,BUGSUBMITTED,BUGREPORTERID,BUGFIXERID,BUGPRIORIY,BUGSEVERITYID,BUGCOMPONENTID,BUGBUILD,BUGSTATUSID) values (19,1,'asp.net werrd','werird behavior',to_timestamp('17-DEC-13 11.52.51.269000000 AM','DD-MON-RR HH.MI.SSXFF AM'),1,1,2,3,3,1234,5);
Insert into ZAZ.BUG (BUGID,BUGPROJECTID,BUGTITLE,BUGSUMMARY,BUGSUBMITTED,BUGREPORTERID,BUGFIXERID,BUGPRIORIY,BUGSEVERITYID,BUGCOMPONENTID,BUGBUILD,BUGSTATUSID) values (20,1,'asp.net werrd','werird behavior',to_timestamp('17-DEC-13 11.52.51.272000000 AM','DD-MON-RR HH.MI.SSXFF AM'),2,10,1,3,3,1234,6);
Insert into ZAZ.BUG (BUGID,BUGPROJECTID,BUGTITLE,BUGSUMMARY,BUGSUBMITTED,BUGREPORTERID,BUGFIXERID,BUGPRIORIY,BUGSEVERITYID,BUGCOMPONENTID,BUGBUILD,BUGSTATUSID) values (21,1,'asp.net werrd','werird behavior',to_timestamp('17-DEC-13 11.52.51.276000000 AM','DD-MON-RR HH.MI.SSXFF AM'),3,3,3,3,3,1234,6);
Insert into ZAZ.BUG (BUGID,BUGPROJECTID,BUGTITLE,BUGSUMMARY,BUGSUBMITTED,BUGREPORTERID,BUGFIXERID,BUGPRIORIY,BUGSEVERITYID,BUGCOMPONENTID,BUGBUILD,BUGSTATUSID) values (22,1,'asp.net werrd','werird behavior',to_timestamp('17-DEC-13 11.52.51.278000000 AM','DD-MON-RR HH.MI.SSXFF AM'),4,6,4,3,3,1234,5);
Insert into ZAZ.BUG (BUGID,BUGPROJECTID,BUGTITLE,BUGSUMMARY,BUGSUBMITTED,BUGREPORTERID,BUGFIXERID,BUGPRIORIY,BUGSEVERITYID,BUGCOMPONENTID,BUGBUILD,BUGSTATUSID) values (23,1,'asp.net werrd','werird behavior',to_timestamp('17-DEC-13 11.52.58.993000000 AM','DD-MON-RR HH.MI.SSXFF AM'),1,1,1,1,1,1234,1);
Insert into ZAZ.BUG (BUGID,BUGPROJECTID,BUGTITLE,BUGSUMMARY,BUGSUBMITTED,BUGREPORTERID,BUGFIXERID,BUGPRIORIY,BUGSEVERITYID,BUGCOMPONENTID,BUGBUILD,BUGSTATUSID) values (24,1,'asp.net werrd','werird behavior',to_timestamp('17-DEC-13 11.52.58.997000000 AM','DD-MON-RR HH.MI.SSXFF AM'),3,7,7,5,3,1234,5);
Insert into ZAZ.BUG (BUGID,BUGPROJECTID,BUGTITLE,BUGSUMMARY,BUGSUBMITTED,BUGREPORTERID,BUGFIXERID,BUGPRIORIY,BUGSEVERITYID,BUGCOMPONENTID,BUGBUILD,BUGSTATUSID) values (25,1,'asp.net werrd','werird behavior',to_timestamp('17-DEC-13 11.52.59.001000000 AM','DD-MON-RR HH.MI.SSXFF AM'),8,8,1,5,3,1234,2);
Insert into ZAZ.BUG (BUGID,BUGPROJECTID,BUGTITLE,BUGSUMMARY,BUGSUBMITTED,BUGREPORTERID,BUGFIXERID,BUGPRIORIY,BUGSEVERITYID,BUGCOMPONENTID,BUGBUILD,BUGSTATUSID) values (26,1,'asp.net werrd','werird behavior',to_timestamp('17-DEC-13 11.52.59.005000000 AM','DD-MON-RR HH.MI.SSXFF AM'),9,8,1,4,3,1234,6);
Insert into ZAZ.BUG (BUGID,BUGPROJECTID,BUGTITLE,BUGSUMMARY,BUGSUBMITTED,BUGREPORTERID,BUGFIXERID,BUGPRIORIY,BUGSEVERITYID,BUGCOMPONENTID,BUGBUILD,BUGSTATUSID) values (27,1,'asp.net werrd','werird behavior',to_timestamp('17-DEC-13 11.52.59.021000000 AM','DD-MON-RR HH.MI.SSXFF AM'),6,5,4,3,2,1234,1);
Insert into ZAZ.BUG (BUGID,BUGPROJECTID,BUGTITLE,BUGSUMMARY,BUGSUBMITTED,BUGREPORTERID,BUGFIXERID,BUGPRIORIY,BUGSEVERITYID,BUGCOMPONENTID,BUGBUILD,BUGSTATUSID) values (28,1,'asp.net werrd','werird behavior',to_timestamp('17-DEC-13 11.52.59.023000000 AM','DD-MON-RR HH.MI.SSXFF AM'),1,1,2,3,3,1234,5);
Insert into ZAZ.BUG (BUGID,BUGPROJECTID,BUGTITLE,BUGSUMMARY,BUGSUBMITTED,BUGREPORTERID,BUGFIXERID,BUGPRIORIY,BUGSEVERITYID,BUGCOMPONENTID,BUGBUILD,BUGSTATUSID) values (29,1,'asp.net werrd','werird behavior',to_timestamp('17-DEC-13 11.52.59.026000000 AM','DD-MON-RR HH.MI.SSXFF AM'),2,10,1,3,3,1234,6);
Insert into ZAZ.BUG (BUGID,BUGPROJECTID,BUGTITLE,BUGSUMMARY,BUGSUBMITTED,BUGREPORTERID,BUGFIXERID,BUGPRIORIY,BUGSEVERITYID,BUGCOMPONENTID,BUGBUILD,BUGSTATUSID) values (30,1,'asp.net werrd','werird behavior',to_timestamp('17-DEC-13 11.52.59.028000000 AM','DD-MON-RR HH.MI.SSXFF AM'),3,3,3,3,3,1234,6);
Insert into ZAZ.BUG (BUGID,BUGPROJECTID,BUGTITLE,BUGSUMMARY,BUGSUBMITTED,BUGREPORTERID,BUGFIXERID,BUGPRIORIY,BUGSEVERITYID,BUGCOMPONENTID,BUGBUILD,BUGSTATUSID) values (31,1,'asp.net werrd','werird behavior',to_timestamp('17-DEC-13 11.52.59.031000000 AM','DD-MON-RR HH.MI.SSXFF AM'),4,6,4,3,3,1234,5);
Insert into ZAZ.BUG (BUGID,BUGPROJECTID,BUGTITLE,BUGSUMMARY,BUGSUBMITTED,BUGREPORTERID,BUGFIXERID,BUGPRIORIY,BUGSEVERITYID,BUGCOMPONENTID,BUGBUILD,BUGSTATUSID) values (32,1,'werrd','werird behavior',to_timestamp('17-DEC-13 11.53.46.053000000 AM','DD-MON-RR HH.MI.SSXFF AM'),1,1,1,1,1,1234,1);
Insert into ZAZ.BUG (BUGID,BUGPROJECTID,BUGTITLE,BUGSUMMARY,BUGSUBMITTED,BUGREPORTERID,BUGFIXERID,BUGPRIORIY,BUGSEVERITYID,BUGCOMPONENTID,BUGBUILD,BUGSTATUSID) values (33,1,'wpf werrd','werird behavior',to_timestamp('17-DEC-13 11.53.46.060000000 AM','DD-MON-RR HH.MI.SSXFF AM'),3,7,7,5,3,1234,5);
Insert into ZAZ.BUG (BUGID,BUGPROJECTID,BUGTITLE,BUGSUMMARY,BUGSUBMITTED,BUGREPORTERID,BUGFIXERID,BUGPRIORIY,BUGSEVERITYID,BUGCOMPONENTID,BUGBUILD,BUGSTATUSID) values (34,1,'forms werrd','werird behavior',to_timestamp('17-DEC-13 11.53.46.067000000 AM','DD-MON-RR HH.MI.SSXFF AM'),8,8,1,5,3,1234,2);
Insert into ZAZ.BUG (BUGID,BUGPROJECTID,BUGTITLE,BUGSUMMARY,BUGSUBMITTED,BUGREPORTERID,BUGFIXERID,BUGPRIORIY,BUGSEVERITYID,BUGCOMPONENTID,BUGBUILD,BUGSTATUSID) values (35,1,'asp.net werrd','werird behavior',to_timestamp('17-DEC-13 11.53.46.071000000 AM','DD-MON-RR HH.MI.SSXFF AM'),9,8,1,4,3,1234,6);
Insert into ZAZ.BUG (BUGID,BUGPROJECTID,BUGTITLE,BUGSUMMARY,BUGSUBMITTED,BUGREPORTERID,BUGFIXERID,BUGPRIORIY,BUGSEVERITYID,BUGCOMPONENTID,BUGBUILD,BUGSTATUSID) values (36,1,'asp.net werrd','werird behavior',to_timestamp('17-DEC-13 11.53.46.087000000 AM','DD-MON-RR HH.MI.SSXFF AM'),6,5,4,3,2,1234,1);
Insert into ZAZ.BUG (BUGID,BUGPROJECTID,BUGTITLE,BUGSUMMARY,BUGSUBMITTED,BUGREPORTERID,BUGFIXERID,BUGPRIORIY,BUGSEVERITYID,BUGCOMPONENTID,BUGBUILD,BUGSTATUSID) values (37,1,'asp.net werrd','werird behavior',to_timestamp('17-DEC-13 11.53.46.089000000 AM','DD-MON-RR HH.MI.SSXFF AM'),1,1,2,3,3,1234,5);
Insert into ZAZ.BUG (BUGID,BUGPROJECTID,BUGTITLE,BUGSUMMARY,BUGSUBMITTED,BUGREPORTERID,BUGFIXERID,BUGPRIORIY,BUGSEVERITYID,BUGCOMPONENTID,BUGBUILD,BUGSTATUSID) values (38,1,'asp.net werrd','werird behavior',to_timestamp('17-DEC-13 11.53.46.091000000 AM','DD-MON-RR HH.MI.SSXFF AM'),2,10,1,3,3,1234,6);
Insert into ZAZ.BUG (BUGID,BUGPROJECTID,BUGTITLE,BUGSUMMARY,BUGSUBMITTED,BUGREPORTERID,BUGFIXERID,BUGPRIORIY,BUGSEVERITYID,BUGCOMPONENTID,BUGBUILD,BUGSTATUSID) values (39,1,'asp.net werrd','werird behavior',to_timestamp('17-DEC-13 11.53.46.093000000 AM','DD-MON-RR HH.MI.SSXFF AM'),3,3,3,3,3,1234,6);
Insert into ZAZ.BUG (BUGID,BUGPROJECTID,BUGTITLE,BUGSUMMARY,BUGSUBMITTED,BUGREPORTERID,BUGFIXERID,BUGPRIORIY,BUGSEVERITYID,BUGCOMPONENTID,BUGBUILD,BUGSTATUSID) values (40,1,'asp.net werrd','werird behavior',to_timestamp('17-DEC-13 11.53.46.095000000 AM','DD-MON-RR HH.MI.SSXFF AM'),4,6,4,3,3,1234,5);
Insert into ZAZ.BUG (BUGID,BUGPROJECTID,BUGTITLE,BUGSUMMARY,BUGSUBMITTED,BUGREPORTERID,BUGFIXERID,BUGPRIORIY,BUGSEVERITYID,BUGCOMPONENTID,BUGBUILD,BUGSTATUSID) values (41,2,'werrd','werird behavior',to_timestamp('17-DEC-13 11.54.49.818000000 AM','DD-MON-RR HH.MI.SSXFF AM'),1,1,1,1,1,1234,1);
Insert into ZAZ.BUG (BUGID,BUGPROJECTID,BUGTITLE,BUGSUMMARY,BUGSUBMITTED,BUGREPORTERID,BUGFIXERID,BUGPRIORIY,BUGSEVERITYID,BUGCOMPONENTID,BUGBUILD,BUGSTATUSID) values (42,4,'wpf werrd','werird behavior',to_timestamp('17-DEC-13 11.54.49.822000000 AM','DD-MON-RR HH.MI.SSXFF AM'),3,7,7,5,3,1234,5);
Insert into ZAZ.BUG (BUGID,BUGPROJECTID,BUGTITLE,BUGSUMMARY,BUGSUBMITTED,BUGREPORTERID,BUGFIXERID,BUGPRIORIY,BUGSEVERITYID,BUGCOMPONENTID,BUGBUILD,BUGSTATUSID) values (43,10,'forms werrd','werird behavior',to_timestamp('17-DEC-13 11.54.49.824000000 AM','DD-MON-RR HH.MI.SSXFF AM'),8,8,1,5,3,1234,2);
Insert into ZAZ.BUG (BUGID,BUGPROJECTID,BUGTITLE,BUGSUMMARY,BUGSUBMITTED,BUGREPORTERID,BUGFIXERID,BUGPRIORIY,BUGSEVERITYID,BUGCOMPONENTID,BUGBUILD,BUGSTATUSID) values (44,5,'asp.net werrd','werird behavior',to_timestamp('17-DEC-13 11.54.49.828000000 AM','DD-MON-RR HH.MI.SSXFF AM'),9,8,1,4,3,1234,6);
Insert into ZAZ.BUG (BUGID,BUGPROJECTID,BUGTITLE,BUGSUMMARY,BUGSUBMITTED,BUGREPORTERID,BUGFIXERID,BUGPRIORIY,BUGSEVERITYID,BUGCOMPONENTID,BUGBUILD,BUGSTATUSID) values (45,25,'asp.net werrd','werird behavior',to_timestamp('17-DEC-13 11.54.49.877000000 AM','DD-MON-RR HH.MI.SSXFF AM'),6,5,4,3,2,1234,1);
Insert into ZAZ.BUG (BUGID,BUGPROJECTID,BUGTITLE,BUGSUMMARY,BUGSUBMITTED,BUGREPORTERID,BUGFIXERID,BUGPRIORIY,BUGSEVERITYID,BUGCOMPONENTID,BUGBUILD,BUGSTATUSID) values (46,30,'asp.net werrd','werird behavior',to_timestamp('17-DEC-13 11.54.49.880000000 AM','DD-MON-RR HH.MI.SSXFF AM'),1,1,2,3,3,1234,5);
Insert into ZAZ.BUG (BUGID,BUGPROJECTID,BUGTITLE,BUGSUMMARY,BUGSUBMITTED,BUGREPORTERID,BUGFIXERID,BUGPRIORIY,BUGSEVERITYID,BUGCOMPONENTID,BUGBUILD,BUGSTATUSID) values (47,29,'asp.net werrd','werird behavior',to_timestamp('17-DEC-13 11.54.49.884000000 AM','DD-MON-RR HH.MI.SSXFF AM'),2,10,1,3,3,1234,6);
Insert into ZAZ.BUG (BUGID,BUGPROJECTID,BUGTITLE,BUGSUMMARY,BUGSUBMITTED,BUGREPORTERID,BUGFIXERID,BUGPRIORIY,BUGSEVERITYID,BUGCOMPONENTID,BUGBUILD,BUGSTATUSID) values (48,4,'asp.net werrd','werird behavior',to_timestamp('17-DEC-13 11.54.49.887000000 AM','DD-MON-RR HH.MI.SSXFF AM'),3,3,3,3,3,1234,6);
Insert into ZAZ.BUG (BUGID,BUGPROJECTID,BUGTITLE,BUGSUMMARY,BUGSUBMITTED,BUGREPORTERID,BUGFIXERID,BUGPRIORIY,BUGSEVERITYID,BUGCOMPONENTID,BUGBUILD,BUGSTATUSID) values (49,7,'asp.net werrd','werird behavior',to_timestamp('17-DEC-13 11.54.49.891000000 AM','DD-MON-RR HH.MI.SSXFF AM'),4,6,4,3,3,1234,5);
Insert into ZAZ.BUG (BUGID,BUGPROJECTID,BUGTITLE,BUGSUMMARY,BUGSUBMITTED,BUGREPORTERID,BUGFIXERID,BUGPRIORIY,BUGSEVERITYID,BUGCOMPONENTID,BUGBUILD,BUGSTATUSID) values (50,2,'werrd','werird behavior',to_timestamp('17-DEC-13 11.55.09.557000000 AM','DD-MON-RR HH.MI.SSXFF AM'),1,1,1,1,1,1234,1);
Insert into ZAZ.BUG (BUGID,BUGPROJECTID,BUGTITLE,BUGSUMMARY,BUGSUBMITTED,BUGREPORTERID,BUGFIXERID,BUGPRIORIY,BUGSEVERITYID,BUGCOMPONENTID,BUGBUILD,BUGSTATUSID) values (51,4,'wpf werrd','werird behavior',to_timestamp('17-DEC-13 11.55.09.562000000 AM','DD-MON-RR HH.MI.SSXFF AM'),3,7,7,5,3,1234,5);
Insert into ZAZ.BUG (BUGID,BUGPROJECTID,BUGTITLE,BUGSUMMARY,BUGSUBMITTED,BUGREPORTERID,BUGFIXERID,BUGPRIORIY,BUGSEVERITYID,BUGCOMPONENTID,BUGBUILD,BUGSTATUSID) values (52,10,'forms werrd','werird behavior',to_timestamp('17-DEC-13 11.55.09.566000000 AM','DD-MON-RR HH.MI.SSXFF AM'),8,8,1,5,3,1234,2);
Insert into ZAZ.BUG (BUGID,BUGPROJECTID,BUGTITLE,BUGSUMMARY,BUGSUBMITTED,BUGREPORTERID,BUGFIXERID,BUGPRIORIY,BUGSEVERITYID,BUGCOMPONENTID,BUGBUILD,BUGSTATUSID) values (53,5,'asp.net werrd','werird behavior',to_timestamp('17-DEC-13 11.55.09.569000000 AM','DD-MON-RR HH.MI.SSXFF AM'),9,8,1,4,3,1234,6);
Insert into ZAZ.BUG (BUGID,BUGPROJECTID,BUGTITLE,BUGSUMMARY,BUGSUBMITTED,BUGREPORTERID,BUGFIXERID,BUGPRIORIY,BUGSEVERITYID,BUGCOMPONENTID,BUGBUILD,BUGSTATUSID) values (54,25,'asp.net werrd','werird behavior',to_timestamp('17-DEC-13 11.55.09.585000000 AM','DD-MON-RR HH.MI.SSXFF AM'),6,5,4,3,2,1234,1);
Insert into ZAZ.BUG (BUGID,BUGPROJECTID,BUGTITLE,BUGSUMMARY,BUGSUBMITTED,BUGREPORTERID,BUGFIXERID,BUGPRIORIY,BUGSEVERITYID,BUGCOMPONENTID,BUGBUILD,BUGSTATUSID) values (55,30,'asp.net werrd','werird behavior',to_timestamp('17-DEC-13 11.55.09.587000000 AM','DD-MON-RR HH.MI.SSXFF AM'),1,1,2,3,3,1234,5);
Insert into ZAZ.BUG (BUGID,BUGPROJECTID,BUGTITLE,BUGSUMMARY,BUGSUBMITTED,BUGREPORTERID,BUGFIXERID,BUGPRIORIY,BUGSEVERITYID,BUGCOMPONENTID,BUGBUILD,BUGSTATUSID) values (56,29,'asp.net werrd','werird behavior',to_timestamp('17-DEC-13 11.55.09.589000000 AM','DD-MON-RR HH.MI.SSXFF AM'),2,10,1,3,3,1234,6);
Insert into ZAZ.BUG (BUGID,BUGPROJECTID,BUGTITLE,BUGSUMMARY,BUGSUBMITTED,BUGREPORTERID,BUGFIXERID,BUGPRIORIY,BUGSEVERITYID,BUGCOMPONENTID,BUGBUILD,BUGSTATUSID) values (57,4,'asp.net werrd','werird behavior',to_timestamp('17-DEC-13 11.55.09.591000000 AM','DD-MON-RR HH.MI.SSXFF AM'),3,3,3,3,3,1234,6);
Insert into ZAZ.BUG (BUGID,BUGPROJECTID,BUGTITLE,BUGSUMMARY,BUGSUBMITTED,BUGREPORTERID,BUGFIXERID,BUGPRIORIY,BUGSEVERITYID,BUGCOMPONENTID,BUGBUILD,BUGSTATUSID) values (58,24,'asp.net werrd','werird behavior',to_timestamp('17-DEC-13 11.55.09.594000000 AM','DD-MON-RR HH.MI.SSXFF AM'),4,6,4,3,3,1234,5);
Insert into ZAZ.BUG (BUGID,BUGPROJECTID,BUGTITLE,BUGSUMMARY,BUGSUBMITTED,BUGREPORTERID,BUGFIXERID,BUGPRIORIY,BUGSEVERITYID,BUGCOMPONENTID,BUGBUILD,BUGSTATUSID) values (59,2,'werrd','werird behavior',to_timestamp('17-DEC-13 11.55.10.135000000 AM','DD-MON-RR HH.MI.SSXFF AM'),1,1,1,1,1,1234,1);
Insert into ZAZ.BUG (BUGID,BUGPROJECTID,BUGTITLE,BUGSUMMARY,BUGSUBMITTED,BUGREPORTERID,BUGFIXERID,BUGPRIORIY,BUGSEVERITYID,BUGCOMPONENTID,BUGBUILD,BUGSTATUSID) values (60,4,'wpf werrd','werird behavior',to_timestamp('17-DEC-13 11.55.10.137000000 AM','DD-MON-RR HH.MI.SSXFF AM'),3,7,7,5,3,1234,5);
Insert into ZAZ.BUG (BUGID,BUGPROJECTID,BUGTITLE,BUGSUMMARY,BUGSUBMITTED,BUGREPORTERID,BUGFIXERID,BUGPRIORIY,BUGSEVERITYID,BUGCOMPONENTID,BUGBUILD,BUGSTATUSID) values (61,10,'forms werrd','werird behavior',to_timestamp('17-DEC-13 11.55.10.138000000 AM','DD-MON-RR HH.MI.SSXFF AM'),8,8,1,5,3,1234,2);
Insert into ZAZ.BUG (BUGID,BUGPROJECTID,BUGTITLE,BUGSUMMARY,BUGSUBMITTED,BUGREPORTERID,BUGFIXERID,BUGPRIORIY,BUGSEVERITYID,BUGCOMPONENTID,BUGBUILD,BUGSTATUSID) values (62,5,'asp.net werrd','werird behavior',to_timestamp('17-DEC-13 11.55.10.140000000 AM','DD-MON-RR HH.MI.SSXFF AM'),9,8,1,4,3,1234,6);
Insert into ZAZ.BUG (BUGID,BUGPROJECTID,BUGTITLE,BUGSUMMARY,BUGSUBMITTED,BUGREPORTERID,BUGFIXERID,BUGPRIORIY,BUGSEVERITYID,BUGCOMPONENTID,BUGBUILD,BUGSTATUSID) values (63,25,'asp.net werrd','werird behavior',to_timestamp('17-DEC-13 11.55.10.152000000 AM','DD-MON-RR HH.MI.SSXFF AM'),6,5,4,3,2,1234,1);
Insert into ZAZ.BUG (BUGID,BUGPROJECTID,BUGTITLE,BUGSUMMARY,BUGSUBMITTED,BUGREPORTERID,BUGFIXERID,BUGPRIORIY,BUGSEVERITYID,BUGCOMPONENTID,BUGBUILD,BUGSTATUSID) values (64,30,'asp.net werrd','werird behavior',to_timestamp('17-DEC-13 11.55.10.154000000 AM','DD-MON-RR HH.MI.SSXFF AM'),1,1,2,3,3,1234,5);
Insert into ZAZ.BUG (BUGID,BUGPROJECTID,BUGTITLE,BUGSUMMARY,BUGSUBMITTED,BUGREPORTERID,BUGFIXERID,BUGPRIORIY,BUGSEVERITYID,BUGCOMPONENTID,BUGBUILD,BUGSTATUSID) values (65,29,'asp.net werrd','werird behavior',to_timestamp('17-DEC-13 11.55.10.156000000 AM','DD-MON-RR HH.MI.SSXFF AM'),2,10,1,3,3,1234,6);
Insert into ZAZ.BUG (BUGID,BUGPROJECTID,BUGTITLE,BUGSUMMARY,BUGSUBMITTED,BUGREPORTERID,BUGFIXERID,BUGPRIORIY,BUGSEVERITYID,BUGCOMPONENTID,BUGBUILD,BUGSTATUSID) values (66,4,'asp.net werrd','werird behavior',to_timestamp('17-DEC-13 11.55.10.158000000 AM','DD-MON-RR HH.MI.SSXFF AM'),3,3,3,3,3,1234,6);
Insert into ZAZ.BUG (BUGID,BUGPROJECTID,BUGTITLE,BUGSUMMARY,BUGSUBMITTED,BUGREPORTERID,BUGFIXERID,BUGPRIORIY,BUGSEVERITYID,BUGCOMPONENTID,BUGBUILD,BUGSTATUSID) values (67,24,'asp.net werrd','werird behavior',to_timestamp('17-DEC-13 11.55.10.160000000 AM','DD-MON-RR HH.MI.SSXFF AM'),4,6,4,3,3,1234,5);
Insert into ZAZ.BUG (BUGID,BUGPROJECTID,BUGTITLE,BUGSUMMARY,BUGSUBMITTED,BUGREPORTERID,BUGFIXERID,BUGPRIORIY,BUGSEVERITYID,BUGCOMPONENTID,BUGBUILD,BUGSTATUSID) values (68,2,'werrd','werird behavior',to_timestamp('17-DEC-13 11.55.10.663000000 AM','DD-MON-RR HH.MI.SSXFF AM'),1,1,1,1,1,1234,1);
Insert into ZAZ.BUG (BUGID,BUGPROJECTID,BUGTITLE,BUGSUMMARY,BUGSUBMITTED,BUGREPORTERID,BUGFIXERID,BUGPRIORIY,BUGSEVERITYID,BUGCOMPONENTID,BUGBUILD,BUGSTATUSID) values (69,4,'wpf werrd','werird behavior',to_timestamp('17-DEC-13 11.55.10.665000000 AM','DD-MON-RR HH.MI.SSXFF AM'),3,7,7,5,3,1234,5);
Insert into ZAZ.BUG (BUGID,BUGPROJECTID,BUGTITLE,BUGSUMMARY,BUGSUBMITTED,BUGREPORTERID,BUGFIXERID,BUGPRIORIY,BUGSEVERITYID,BUGCOMPONENTID,BUGBUILD,BUGSTATUSID) values (70,10,'forms werrd','werird behavior',to_timestamp('17-DEC-13 11.55.10.666000000 AM','DD-MON-RR HH.MI.SSXFF AM'),8,8,1,5,3,1234,2);
Insert into ZAZ.BUG (BUGID,BUGPROJECTID,BUGTITLE,BUGSUMMARY,BUGSUBMITTED,BUGREPORTERID,BUGFIXERID,BUGPRIORIY,BUGSEVERITYID,BUGCOMPONENTID,BUGBUILD,BUGSTATUSID) values (71,5,'asp.net werrd','werird behavior',to_timestamp('17-DEC-13 11.55.10.669000000 AM','DD-MON-RR HH.MI.SSXFF AM'),9,8,1,4,3,1234,6);
Insert into ZAZ.BUG (BUGID,BUGPROJECTID,BUGTITLE,BUGSUMMARY,BUGSUBMITTED,BUGREPORTERID,BUGFIXERID,BUGPRIORIY,BUGSEVERITYID,BUGCOMPONENTID,BUGBUILD,BUGSTATUSID) values (72,25,'asp.net werrd','werird behavior',to_timestamp('17-DEC-13 11.55.10.682000000 AM','DD-MON-RR HH.MI.SSXFF AM'),6,5,4,3,2,1234,1);
Insert into ZAZ.BUG (BUGID,BUGPROJECTID,BUGTITLE,BUGSUMMARY,BUGSUBMITTED,BUGREPORTERID,BUGFIXERID,BUGPRIORIY,BUGSEVERITYID,BUGCOMPONENTID,BUGBUILD,BUGSTATUSID) values (73,30,'asp.net werrd','werird behavior',to_timestamp('17-DEC-13 11.55.10.684000000 AM','DD-MON-RR HH.MI.SSXFF AM'),1,1,2,3,3,1234,5);
Insert into ZAZ.BUG (BUGID,BUGPROJECTID,BUGTITLE,BUGSUMMARY,BUGSUBMITTED,BUGREPORTERID,BUGFIXERID,BUGPRIORIY,BUGSEVERITYID,BUGCOMPONENTID,BUGBUILD,BUGSTATUSID) values (74,29,'asp.net werrd','werird behavior',to_timestamp('17-DEC-13 11.55.10.685000000 AM','DD-MON-RR HH.MI.SSXFF AM'),2,10,1,3,3,1234,6);
Insert into ZAZ.BUG (BUGID,BUGPROJECTID,BUGTITLE,BUGSUMMARY,BUGSUBMITTED,BUGREPORTERID,BUGFIXERID,BUGPRIORIY,BUGSEVERITYID,BUGCOMPONENTID,BUGBUILD,BUGSTATUSID) values (75,4,'asp.net werrd','werird behavior',to_timestamp('17-DEC-13 11.55.10.687000000 AM','DD-MON-RR HH.MI.SSXFF AM'),3,3,3,3,3,1234,6);
Insert into ZAZ.BUG (BUGID,BUGPROJECTID,BUGTITLE,BUGSUMMARY,BUGSUBMITTED,BUGREPORTERID,BUGFIXERID,BUGPRIORIY,BUGSEVERITYID,BUGCOMPONENTID,BUGBUILD,BUGSTATUSID) values (76,24,'asp.net werrd','werird behavior',to_timestamp('17-DEC-13 11.55.10.689000000 AM','DD-MON-RR HH.MI.SSXFF AM'),4,6,4,3,3,1234,5);
Insert into ZAZ.BUG (BUGID,BUGPROJECTID,BUGTITLE,BUGSUMMARY,BUGSUBMITTED,BUGREPORTERID,BUGFIXERID,BUGPRIORIY,BUGSEVERITYID,BUGCOMPONENTID,BUGBUILD,BUGSTATUSID) values (77,2,'werrd','werird behavior',to_timestamp('17-DEC-13 11.55.11.222000000 AM','DD-MON-RR HH.MI.SSXFF AM'),1,1,1,1,1,1234,1);
Insert into ZAZ.BUG (BUGID,BUGPROJECTID,BUGTITLE,BUGSUMMARY,BUGSUBMITTED,BUGREPORTERID,BUGFIXERID,BUGPRIORIY,BUGSEVERITYID,BUGCOMPONENTID,BUGBUILD,BUGSTATUSID) values (78,4,'wpf werrd','werird behavior',to_timestamp('17-DEC-13 11.55.11.225000000 AM','DD-MON-RR HH.MI.SSXFF AM'),3,7,7,5,3,1234,5);
Insert into ZAZ.BUG (BUGID,BUGPROJECTID,BUGTITLE,BUGSUMMARY,BUGSUBMITTED,BUGREPORTERID,BUGFIXERID,BUGPRIORIY,BUGSEVERITYID,BUGCOMPONENTID,BUGBUILD,BUGSTATUSID) values (79,10,'forms werrd','werird behavior',to_timestamp('17-DEC-13 11.55.11.227000000 AM','DD-MON-RR HH.MI.SSXFF AM'),8,8,1,5,3,1234,2);
Insert into ZAZ.BUG (BUGID,BUGPROJECTID,BUGTITLE,BUGSUMMARY,BUGSUBMITTED,BUGREPORTERID,BUGFIXERID,BUGPRIORIY,BUGSEVERITYID,BUGCOMPONENTID,BUGBUILD,BUGSTATUSID) values (80,5,'asp.net werrd','werird behavior',to_timestamp('17-DEC-13 11.55.11.228000000 AM','DD-MON-RR HH.MI.SSXFF AM'),9,8,1,4,3,1234,6);
Insert into ZAZ.BUG (BUGID,BUGPROJECTID,BUGTITLE,BUGSUMMARY,BUGSUBMITTED,BUGREPORTERID,BUGFIXERID,BUGPRIORIY,BUGSEVERITYID,BUGCOMPONENTID,BUGBUILD,BUGSTATUSID) values (81,25,'asp.net werrd','werird behavior',to_timestamp('17-DEC-13 11.55.11.242000000 AM','DD-MON-RR HH.MI.SSXFF AM'),6,5,4,3,2,1234,1);
Insert into ZAZ.BUG (BUGID,BUGPROJECTID,BUGTITLE,BUGSUMMARY,BUGSUBMITTED,BUGREPORTERID,BUGFIXERID,BUGPRIORIY,BUGSEVERITYID,BUGCOMPONENTID,BUGBUILD,BUGSTATUSID) values (82,30,'asp.net werrd','werird behavior',to_timestamp('17-DEC-13 11.55.11.244000000 AM','DD-MON-RR HH.MI.SSXFF AM'),1,1,2,3,3,1234,5);
Insert into ZAZ.BUG (BUGID,BUGPROJECTID,BUGTITLE,BUGSUMMARY,BUGSUBMITTED,BUGREPORTERID,BUGFIXERID,BUGPRIORIY,BUGSEVERITYID,BUGCOMPONENTID,BUGBUILD,BUGSTATUSID) values (83,29,'asp.net werrd','werird behavior',to_timestamp('17-DEC-13 11.55.11.245000000 AM','DD-MON-RR HH.MI.SSXFF AM'),2,10,1,3,3,1234,6);
Insert into ZAZ.BUG (BUGID,BUGPROJECTID,BUGTITLE,BUGSUMMARY,BUGSUBMITTED,BUGREPORTERID,BUGFIXERID,BUGPRIORIY,BUGSEVERITYID,BUGCOMPONENTID,BUGBUILD,BUGSTATUSID) values (84,4,'asp.net werrd','werird behavior',to_timestamp('17-DEC-13 11.55.11.247000000 AM','DD-MON-RR HH.MI.SSXFF AM'),3,3,3,3,3,1234,6);
Insert into ZAZ.BUG (BUGID,BUGPROJECTID,BUGTITLE,BUGSUMMARY,BUGSUBMITTED,BUGREPORTERID,BUGFIXERID,BUGPRIORIY,BUGSEVERITYID,BUGCOMPONENTID,BUGBUILD,BUGSTATUSID) values (85,24,'asp.net werrd','werird behavior',to_timestamp('17-DEC-13 11.55.11.249000000 AM','DD-MON-RR HH.MI.SSXFF AM'),4,6,4,3,3,1234,5);
Insert into ZAZ.BUG (BUGID,BUGPROJECTID,BUGTITLE,BUGSUMMARY,BUGSUBMITTED,BUGREPORTERID,BUGFIXERID,BUGPRIORIY,BUGSEVERITYID,BUGCOMPONENTID,BUGBUILD,BUGSTATUSID) values (86,2,'werrd','werird behavior',to_timestamp('17-DEC-13 11.55.11.726000000 AM','DD-MON-RR HH.MI.SSXFF AM'),1,1,1,1,1,1234,1);
Insert into ZAZ.BUG (BUGID,BUGPROJECTID,BUGTITLE,BUGSUMMARY,BUGSUBMITTED,BUGREPORTERID,BUGFIXERID,BUGPRIORIY,BUGSEVERITYID,BUGCOMPONENTID,BUGBUILD,BUGSTATUSID) values (87,4,'wpf werrd','werird behavior',to_timestamp('17-DEC-13 11.55.11.727000000 AM','DD-MON-RR HH.MI.SSXFF AM'),3,7,7,5,3,1234,5);
Insert into ZAZ.BUG (BUGID,BUGPROJECTID,BUGTITLE,BUGSUMMARY,BUGSUBMITTED,BUGREPORTERID,BUGFIXERID,BUGPRIORIY,BUGSEVERITYID,BUGCOMPONENTID,BUGBUILD,BUGSTATUSID) values (88,10,'forms werrd','werird behavior',to_timestamp('17-DEC-13 11.55.11.729000000 AM','DD-MON-RR HH.MI.SSXFF AM'),8,8,1,5,3,1234,2);
Insert into ZAZ.BUG (BUGID,BUGPROJECTID,BUGTITLE,BUGSUMMARY,BUGSUBMITTED,BUGREPORTERID,BUGFIXERID,BUGPRIORIY,BUGSEVERITYID,BUGCOMPONENTID,BUGBUILD,BUGSTATUSID) values (89,5,'asp.net werrd','werird behavior',to_timestamp('17-DEC-13 11.55.11.731000000 AM','DD-MON-RR HH.MI.SSXFF AM'),9,8,1,4,3,1234,6);
Insert into ZAZ.BUG (BUGID,BUGPROJECTID,BUGTITLE,BUGSUMMARY,BUGSUBMITTED,BUGREPORTERID,BUGFIXERID,BUGPRIORIY,BUGSEVERITYID,BUGCOMPONENTID,BUGBUILD,BUGSTATUSID) values (90,25,'asp.net werrd','werird behavior',to_timestamp('17-DEC-13 11.55.11.745000000 AM','DD-MON-RR HH.MI.SSXFF AM'),6,5,4,3,2,1234,1);
Insert into ZAZ.BUG (BUGID,BUGPROJECTID,BUGTITLE,BUGSUMMARY,BUGSUBMITTED,BUGREPORTERID,BUGFIXERID,BUGPRIORIY,BUGSEVERITYID,BUGCOMPONENTID,BUGBUILD,BUGSTATUSID) values (91,30,'asp.net werrd','werird behavior',to_timestamp('17-DEC-13 11.55.11.747000000 AM','DD-MON-RR HH.MI.SSXFF AM'),1,1,2,3,3,1234,5);
Insert into ZAZ.BUG (BUGID,BUGPROJECTID,BUGTITLE,BUGSUMMARY,BUGSUBMITTED,BUGREPORTERID,BUGFIXERID,BUGPRIORIY,BUGSEVERITYID,BUGCOMPONENTID,BUGBUILD,BUGSTATUSID) values (92,29,'asp.net werrd','werird behavior',to_timestamp('17-DEC-13 11.55.11.749000000 AM','DD-MON-RR HH.MI.SSXFF AM'),2,10,1,3,3,1234,6);
Insert into ZAZ.BUG (BUGID,BUGPROJECTID,BUGTITLE,BUGSUMMARY,BUGSUBMITTED,BUGREPORTERID,BUGFIXERID,BUGPRIORIY,BUGSEVERITYID,BUGCOMPONENTID,BUGBUILD,BUGSTATUSID) values (93,4,'asp.net werrd','werird behavior',to_timestamp('17-DEC-13 11.55.11.751000000 AM','DD-MON-RR HH.MI.SSXFF AM'),3,3,3,3,3,1234,6);
Insert into ZAZ.BUG (BUGID,BUGPROJECTID,BUGTITLE,BUGSUMMARY,BUGSUBMITTED,BUGREPORTERID,BUGFIXERID,BUGPRIORIY,BUGSEVERITYID,BUGCOMPONENTID,BUGBUILD,BUGSTATUSID) values (94,24,'asp.net werrd','werird behavior',to_timestamp('17-DEC-13 11.55.11.753000000 AM','DD-MON-RR HH.MI.SSXFF AM'),4,6,4,3,3,1234,5);
Insert into ZAZ.BUG (BUGID,BUGPROJECTID,BUGTITLE,BUGSUMMARY,BUGSUBMITTED,BUGREPORTERID,BUGFIXERID,BUGPRIORIY,BUGSEVERITYID,BUGCOMPONENTID,BUGBUILD,BUGSTATUSID) values (95,2,'werrd','werird behavior',to_timestamp('17-DEC-13 11.55.12.234000000 AM','DD-MON-RR HH.MI.SSXFF AM'),1,1,1,1,1,1234,1);
Insert into ZAZ.BUG (BUGID,BUGPROJECTID,BUGTITLE,BUGSUMMARY,BUGSUBMITTED,BUGREPORTERID,BUGFIXERID,BUGPRIORIY,BUGSEVERITYID,BUGCOMPONENTID,BUGBUILD,BUGSTATUSID) values (96,4,'wpf werrd','werird behavior',to_timestamp('17-DEC-13 11.55.12.236000000 AM','DD-MON-RR HH.MI.SSXFF AM'),3,7,7,5,3,1234,5);
Insert into ZAZ.BUG (BUGID,BUGPROJECTID,BUGTITLE,BUGSUMMARY,BUGSUBMITTED,BUGREPORTERID,BUGFIXERID,BUGPRIORIY,BUGSEVERITYID,BUGCOMPONENTID,BUGBUILD,BUGSTATUSID) values (97,10,'forms werrd','werird behavior',to_timestamp('17-DEC-13 11.55.12.239000000 AM','DD-MON-RR HH.MI.SSXFF AM'),8,8,1,5,3,1234,2);
Insert into ZAZ.BUG (BUGID,BUGPROJECTID,BUGTITLE,BUGSUMMARY,BUGSUBMITTED,BUGREPORTERID,BUGFIXERID,BUGPRIORIY,BUGSEVERITYID,BUGCOMPONENTID,BUGBUILD,BUGSTATUSID) values (98,5,'asp.net werrd','werird behavior',to_timestamp('17-DEC-13 11.55.12.241000000 AM','DD-MON-RR HH.MI.SSXFF AM'),9,8,1,4,3,1234,6);
Insert into ZAZ.BUG (BUGID,BUGPROJECTID,BUGTITLE,BUGSUMMARY,BUGSUBMITTED,BUGREPORTERID,BUGFIXERID,BUGPRIORIY,BUGSEVERITYID,BUGCOMPONENTID,BUGBUILD,BUGSTATUSID) values (99,25,'asp.net werrd','werird behavior',to_timestamp('17-DEC-13 11.55.12.255000000 AM','DD-MON-RR HH.MI.SSXFF AM'),6,5,4,3,2,1234,1);
Insert into ZAZ.BUG (BUGID,BUGPROJECTID,BUGTITLE,BUGSUMMARY,BUGSUBMITTED,BUGREPORTERID,BUGFIXERID,BUGPRIORIY,BUGSEVERITYID,BUGCOMPONENTID,BUGBUILD,BUGSTATUSID) values (100,30,'asp.net werrd','werird behavior',to_timestamp('17-DEC-13 11.55.12.257000000 AM','DD-MON-RR HH.MI.SSXFF AM'),1,1,2,3,3,1234,5);
Insert into ZAZ.BUG (BUGID,BUGPROJECTID,BUGTITLE,BUGSUMMARY,BUGSUBMITTED,BUGREPORTERID,BUGFIXERID,BUGPRIORIY,BUGSEVERITYID,BUGCOMPONENTID,BUGBUILD,BUGSTATUSID) values (101,29,'asp.net werrd','werird behavior',to_timestamp('17-DEC-13 11.55.12.259000000 AM','DD-MON-RR HH.MI.SSXFF AM'),2,10,1,3,3,1234,6);
Insert into ZAZ.BUG (BUGID,BUGPROJECTID,BUGTITLE,BUGSUMMARY,BUGSUBMITTED,BUGREPORTERID,BUGFIXERID,BUGPRIORIY,BUGSEVERITYID,BUGCOMPONENTID,BUGBUILD,BUGSTATUSID) values (102,4,'asp.net werrd','werird behavior',to_timestamp('17-DEC-13 11.55.12.261000000 AM','DD-MON-RR HH.MI.SSXFF AM'),3,3,3,3,3,1234,6);
Insert into ZAZ.BUG (BUGID,BUGPROJECTID,BUGTITLE,BUGSUMMARY,BUGSUBMITTED,BUGREPORTERID,BUGFIXERID,BUGPRIORIY,BUGSEVERITYID,BUGCOMPONENTID,BUGBUILD,BUGSTATUSID) values (103,24,'asp.net werrd','werird behavior',to_timestamp('17-DEC-13 11.55.12.263000000 AM','DD-MON-RR HH.MI.SSXFF AM'),4,6,4,3,3,1234,5);
REM INSERTING into ZAZ.SEVERITY
SET DEFINE OFF;
Insert into ZAZ.SEVERITY (SEVERITYID,SEVERITYNAME) values (1,'blocked');
Insert into ZAZ.SEVERITY (SEVERITYID,SEVERITYNAME) values (2,'critical');
Insert into ZAZ.SEVERITY (SEVERITYID,SEVERITYNAME) values (3,'normal');
Insert into ZAZ.SEVERITY (SEVERITYID,SEVERITYNAME) values (4,'major');
Insert into ZAZ.SEVERITY (SEVERITYID,SEVERITYNAME) values (5,'enhancement');
REM INSERTING into ZAZ.PROJECT
SET DEFINE OFF;
Insert into ZAZ.PROJECT (PROJECTID,PROJECTTITLE,PROJECTDESCRIPTION,PROJECTPRICE) values (1,'Deserted Ostrich',null,41240);
Insert into ZAZ.PROJECT (PROJECTID,PROJECTTITLE,PROJECTDESCRIPTION,PROJECTPRICE) values (2,'Dangerous Metaphor',null,251106);
Insert into ZAZ.PROJECT (PROJECTID,PROJECTTITLE,PROJECTDESCRIPTION,PROJECTPRICE) values (3,'Disappointed Rubber',null,25469);
Insert into ZAZ.PROJECT (PROJECTID,PROJECTTITLE,PROJECTDESCRIPTION,PROJECTPRICE) values (4,'Freaky Kangaroo',null,461880);
Insert into ZAZ.PROJECT (PROJECTID,PROJECTTITLE,PROJECTDESCRIPTION,PROJECTPRICE) values (5,'Leather Icy',null,84043);
Insert into ZAZ.PROJECT (PROJECTID,PROJECTTITLE,PROJECTDESCRIPTION,PROJECTPRICE) values (6,'Postal Confidential',null,523594);
Insert into ZAZ.PROJECT (PROJECTID,PROJECTTITLE,PROJECTDESCRIPTION,PROJECTPRICE) values (7,'Accidentally Flag',null,238061);
Insert into ZAZ.PROJECT (PROJECTID,PROJECTTITLE,PROJECTDESCRIPTION,PROJECTPRICE) values (8,'Sad Nocturnal Plutonium',null,936824);
Insert into ZAZ.PROJECT (PROJECTID,PROJECTTITLE,PROJECTDESCRIPTION,PROJECTPRICE) values (9,'Creek Ninth',null,327084);
Insert into ZAZ.PROJECT (PROJECTID,PROJECTTITLE,PROJECTDESCRIPTION,PROJECTPRICE) values (10,'Lost Jazz',null,436683);
Insert into ZAZ.PROJECT (PROJECTID,PROJECTTITLE,PROJECTDESCRIPTION,PROJECTPRICE) values (11,'Steamy Tungsten',null,509564);
Insert into ZAZ.PROJECT (PROJECTID,PROJECTTITLE,PROJECTDESCRIPTION,PROJECTPRICE) values (12,'Firecracker Hideous',null,66617);
Insert into ZAZ.PROJECT (PROJECTID,PROJECTTITLE,PROJECTDESCRIPTION,PROJECTPRICE) values (13,'Brave Spider',null,927985);
Insert into ZAZ.PROJECT (PROJECTID,PROJECTTITLE,PROJECTDESCRIPTION,PROJECTPRICE) values (14,'Streaming Toupee',null,258941);
Insert into ZAZ.PROJECT (PROJECTID,PROJECTTITLE,PROJECTDESCRIPTION,PROJECTPRICE) values (15,'Flying Steamy Kangaroo',null,730940);
Insert into ZAZ.PROJECT (PROJECTID,PROJECTTITLE,PROJECTDESCRIPTION,PROJECTPRICE) values (16,'Warehouse Angry',null,950732);
Insert into ZAZ.PROJECT (PROJECTID,PROJECTTITLE,PROJECTDESCRIPTION,PROJECTPRICE) values (17,'Shiny Tombstone',null,377907);
Insert into ZAZ.PROJECT (PROJECTID,PROJECTTITLE,PROJECTDESCRIPTION,PROJECTPRICE) values (18,'Tuba Icy',null,681163);
Insert into ZAZ.PROJECT (PROJECTID,PROJECTTITLE,PROJECTDESCRIPTION,PROJECTPRICE) values (19,'Teal Frostbite',null,232724);
Insert into ZAZ.PROJECT (PROJECTID,PROJECTTITLE,PROJECTDESCRIPTION,PROJECTPRICE) values (20,'Hidden Star',null,434593);
Insert into ZAZ.PROJECT (PROJECTID,PROJECTTITLE,PROJECTDESCRIPTION,PROJECTPRICE) values (21,'Eastern Sound',null,52117);
Insert into ZAZ.PROJECT (PROJECTID,PROJECTTITLE,PROJECTDESCRIPTION,PROJECTPRICE) values (22,'Moving Hungry Sledgehammer',null,858850);
Insert into ZAZ.PROJECT (PROJECTID,PROJECTTITLE,PROJECTDESCRIPTION,PROJECTPRICE) values (23,'Torpedo Homeless',null,405470);
Insert into ZAZ.PROJECT (PROJECTID,PROJECTTITLE,PROJECTDESCRIPTION,PROJECTPRICE) values (24,'Temporary Toupee',null,835443);
Insert into ZAZ.PROJECT (PROJECTID,PROJECTTITLE,PROJECTDESCRIPTION,PROJECTPRICE) values (25,'Freaky Knife',null,727941);
Insert into ZAZ.PROJECT (PROJECTID,PROJECTTITLE,PROJECTDESCRIPTION,PROJECTPRICE) values (26,'Steady Wrench',null,689379);
Insert into ZAZ.PROJECT (PROJECTID,PROJECTTITLE,PROJECTDESCRIPTION,PROJECTPRICE) values (27,'Swift Wrench',null,418365);
Insert into ZAZ.PROJECT (PROJECTID,PROJECTTITLE,PROJECTDESCRIPTION,PROJECTPRICE) values (28,'Navy Sun',null,129541);
Insert into ZAZ.PROJECT (PROJECTID,PROJECTTITLE,PROJECTDESCRIPTION,PROJECTPRICE) values (29,'Timely Snake',null,231226);
Insert into ZAZ.PROJECT (PROJECTID,PROJECTTITLE,PROJECTDESCRIPTION,PROJECTPRICE) values (30,'Official Tainted Cat',null,495337);
REM INSERTING into ZAZ.POSITION
SET DEFINE OFF;
Insert into ZAZ.POSITION (POSITIONID,POSITIONNAME) values (1,'jun');
Insert into ZAZ.POSITION (POSITIONID,POSITIONNAME) values (2,'middle');
Insert into ZAZ.POSITION (POSITIONID,POSITIONNAME) values (3,'lead');
Insert into ZAZ.POSITION (POSITIONID,POSITIONNAME) values (4,'boss');
REM INSERTING into ZAZ.EMPLOYEE
SET DEFINE OFF;
Insert into ZAZ.EMPLOYEE (EMPID,EMPFNAME,EMPSNAME,EMPPOSITIONID) values (1,'Ellen','Newton',1);
Insert into ZAZ.EMPLOYEE (EMPID,EMPFNAME,EMPSNAME,EMPPOSITIONID) values (2,'Mamie','Perry',1);
Insert into ZAZ.EMPLOYEE (EMPID,EMPFNAME,EMPSNAME,EMPPOSITIONID) values (3,'Maxine','Ray',1);
Insert into ZAZ.EMPLOYEE (EMPID,EMPFNAME,EMPSNAME,EMPPOSITIONID) values (4,'Norman','Potter',1);
Insert into ZAZ.EMPLOYEE (EMPID,EMPFNAME,EMPSNAME,EMPPOSITIONID) values (5,'Audrey','Daniel',1);
Insert into ZAZ.EMPLOYEE (EMPID,EMPFNAME,EMPSNAME,EMPPOSITIONID) values (6,'Velma','Reyes',1);
Insert into ZAZ.EMPLOYEE (EMPID,EMPFNAME,EMPSNAME,EMPPOSITIONID) values (7,'Alfonso','Henderson',1);
Insert into ZAZ.EMPLOYEE (EMPID,EMPFNAME,EMPSNAME,EMPPOSITIONID) values (8,'Eugene','Hardy',1);
Insert into ZAZ.EMPLOYEE (EMPID,EMPFNAME,EMPSNAME,EMPPOSITIONID) values (9,'Andre','Foster',1);
Insert into ZAZ.EMPLOYEE (EMPID,EMPFNAME,EMPSNAME,EMPPOSITIONID) values (10,'Dan','Young',1);
REM INSERTING into ZAZ.COMPONENT
SET DEFINE OFF;
Insert into ZAZ.COMPONENT (COMPONENTID,COMPONENTTITLE) values (1,'CONFIG');
Insert into ZAZ.COMPONENT (COMPONENTID,COMPONENTTITLE) values (2,'API');
Insert into ZAZ.COMPONENT (COMPONENTID,COMPONENTTITLE) values (3,'COMPONENT');
REM INSERTING into ZAZ.BUGACTIVITY
SET DEFINE OFF;
REM INSERTING into ZAZ.STATUS
SET DEFINE OFF;
Insert into ZAZ.STATUS (STATUSID,STATUSNAME) values (1,'new');
Insert into ZAZ.STATUS (STATUSID,STATUSNAME) values (2,'assigned');
Insert into ZAZ.STATUS (STATUSID,STATUSNAME) values (3,'reopened');
Insert into ZAZ.STATUS (STATUSID,STATUSNAME) values (4,'verifield');
Insert into ZAZ.STATUS (STATUSID,STATUSNAME) values (5,'closed');
Insert into ZAZ.STATUS (STATUSID,STATUSNAME) values (6,'unconfirmed');
--------------------------------------------------------
--  DDL for Index PK_BUG
--------------------------------------------------------

  CREATE UNIQUE INDEX "ZAZ"."PK_BUG" ON "ZAZ"."BUG" ("BUGID") 
  PCTFREE 10 INITRANS 2 MAXTRANS 255 
  STORAGE(INITIAL 65536 NEXT 1048576 MINEXTENTS 1 MAXEXTENTS 2147483645
  PCTINCREASE 0 FREELISTS 1 FREELIST GROUPS 1 BUFFER_POOL DEFAULT FLASH_CACHE DEFAULT CELL_FLASH_CACHE DEFAULT)
  TABLESPACE "USERS" ;
--------------------------------------------------------
--  DDL for Index PK_SEVERITY
--------------------------------------------------------

  CREATE UNIQUE INDEX "ZAZ"."PK_SEVERITY" ON "ZAZ"."SEVERITY" ("SEVERITYID") 
  PCTFREE 10 INITRANS 2 MAXTRANS 255 
  STORAGE(INITIAL 65536 NEXT 1048576 MINEXTENTS 1 MAXEXTENTS 2147483645
  PCTINCREASE 0 FREELISTS 1 FREELIST GROUPS 1 BUFFER_POOL DEFAULT FLASH_CACHE DEFAULT CELL_FLASH_CACHE DEFAULT)
  TABLESPACE "USERS" ;
--------------------------------------------------------
--  DDL for Index SYS_C0011150
--------------------------------------------------------

  CREATE UNIQUE INDEX "ZAZ"."SYS_C0011150" ON "ZAZ"."PROJECT" ("PROJECTID") 
  PCTFREE 10 INITRANS 2 MAXTRANS 255 
  STORAGE(INITIAL 65536 NEXT 1048576 MINEXTENTS 1 MAXEXTENTS 2147483645
  PCTINCREASE 0 FREELISTS 1 FREELIST GROUPS 1 BUFFER_POOL DEFAULT FLASH_CACHE DEFAULT CELL_FLASH_CACHE DEFAULT)
  TABLESPACE "USERS" ;
--------------------------------------------------------
--  DDL for Index SYS_C0011153
--------------------------------------------------------

  CREATE UNIQUE INDEX "ZAZ"."SYS_C0011153" ON "ZAZ"."POSITION" ("POSITIONID") 
  PCTFREE 10 INITRANS 2 MAXTRANS 255 
  STORAGE(INITIAL 65536 NEXT 1048576 MINEXTENTS 1 MAXEXTENTS 2147483645
  PCTINCREASE 0 FREELISTS 1 FREELIST GROUPS 1 BUFFER_POOL DEFAULT FLASH_CACHE DEFAULT CELL_FLASH_CACHE DEFAULT)
  TABLESPACE "USERS" ;
--------------------------------------------------------
--  DDL for Index SYS_C0011166
--------------------------------------------------------

  CREATE UNIQUE INDEX "ZAZ"."SYS_C0011166" ON "ZAZ"."EMPLOYEE" ("EMPID") 
  PCTFREE 10 INITRANS 2 MAXTRANS 255 
  STORAGE(INITIAL 65536 NEXT 1048576 MINEXTENTS 1 MAXEXTENTS 2147483645
  PCTINCREASE 0 FREELISTS 1 FREELIST GROUPS 1 BUFFER_POOL DEFAULT FLASH_CACHE DEFAULT CELL_FLASH_CACHE DEFAULT)
  TABLESPACE "USERS" ;
--------------------------------------------------------
--  DDL for Index PK_COMPONENT
--------------------------------------------------------

  CREATE UNIQUE INDEX "ZAZ"."PK_COMPONENT" ON "ZAZ"."COMPONENT" ("COMPONENTID") 
  PCTFREE 10 INITRANS 2 MAXTRANS 255 
  STORAGE(INITIAL 65536 NEXT 1048576 MINEXTENTS 1 MAXEXTENTS 2147483645
  PCTINCREASE 0 FREELISTS 1 FREELIST GROUPS 1 BUFFER_POOL DEFAULT FLASH_CACHE DEFAULT CELL_FLASH_CACHE DEFAULT)
  TABLESPACE "USERS" ;
--------------------------------------------------------
--  DDL for Index SYS_C0011191
--------------------------------------------------------

  CREATE UNIQUE INDEX "ZAZ"."SYS_C0011191" ON "ZAZ"."BUGACTIVITY" ("BAID") 
  PCTFREE 10 INITRANS 2 MAXTRANS 255 NOCOMPRESS LOGGING
  TABLESPACE "USERS" ;
--------------------------------------------------------
--  DDL for Index PK_STATUS
--------------------------------------------------------

  CREATE UNIQUE INDEX "ZAZ"."PK_STATUS" ON "ZAZ"."STATUS" ("STATUSID") 
  PCTFREE 10 INITRANS 2 MAXTRANS 255 
  STORAGE(INITIAL 65536 NEXT 1048576 MINEXTENTS 1 MAXEXTENTS 2147483645
  PCTINCREASE 0 FREELISTS 1 FREELIST GROUPS 1 BUFFER_POOL DEFAULT FLASH_CACHE DEFAULT CELL_FLASH_CACHE DEFAULT)
  TABLESPACE "USERS" ;
--------------------------------------------------------
--  Constraints for Table BUG
--------------------------------------------------------

  ALTER TABLE "ZAZ"."BUG" ADD CONSTRAINT "PK_BUG" PRIMARY KEY ("BUGID")
  USING INDEX PCTFREE 10 INITRANS 2 MAXTRANS 255 
  STORAGE(INITIAL 65536 NEXT 1048576 MINEXTENTS 1 MAXEXTENTS 2147483645
  PCTINCREASE 0 FREELISTS 1 FREELIST GROUPS 1 BUFFER_POOL DEFAULT FLASH_CACHE DEFAULT CELL_FLASH_CACHE DEFAULT)
  TABLESPACE "USERS"  ENABLE;
 
  ALTER TABLE "ZAZ"."BUG" MODIFY ("BUGID" NOT NULL ENABLE);
 
  ALTER TABLE "ZAZ"."BUG" MODIFY ("BUGPROJECTID" NOT NULL ENABLE);
 
  ALTER TABLE "ZAZ"."BUG" MODIFY ("BUGTITLE" NOT NULL ENABLE);
 
  ALTER TABLE "ZAZ"."BUG" MODIFY ("BUGSUMMARY" NOT NULL ENABLE);
 
  ALTER TABLE "ZAZ"."BUG" MODIFY ("BUGREPORTERID" NOT NULL ENABLE);
 
  ALTER TABLE "ZAZ"."BUG" MODIFY ("BUGFIXERID" NOT NULL ENABLE);
 
  ALTER TABLE "ZAZ"."BUG" MODIFY ("BUGPRIORIY" NOT NULL ENABLE);
 
  ALTER TABLE "ZAZ"."BUG" MODIFY ("BUGSEVERITYID" NOT NULL ENABLE);
 
  ALTER TABLE "ZAZ"."BUG" MODIFY ("BUGCOMPONENTID" NOT NULL ENABLE);
 
  ALTER TABLE "ZAZ"."BUG" MODIFY ("BUGBUILD" NOT NULL ENABLE);
 
  ALTER TABLE "ZAZ"."BUG" MODIFY ("BUGSTATUSID" NOT NULL ENABLE);
--------------------------------------------------------
--  Constraints for Table SEVERITY
--------------------------------------------------------

  ALTER TABLE "ZAZ"."SEVERITY" ADD CONSTRAINT "PK_SEVERITY" PRIMARY KEY ("SEVERITYID")
  USING INDEX PCTFREE 10 INITRANS 2 MAXTRANS 255 
  STORAGE(INITIAL 65536 NEXT 1048576 MINEXTENTS 1 MAXEXTENTS 2147483645
  PCTINCREASE 0 FREELISTS 1 FREELIST GROUPS 1 BUFFER_POOL DEFAULT FLASH_CACHE DEFAULT CELL_FLASH_CACHE DEFAULT)
  TABLESPACE "USERS"  ENABLE;
 
  ALTER TABLE "ZAZ"."SEVERITY" MODIFY ("SEVERITYID" NOT NULL ENABLE);
 
  ALTER TABLE "ZAZ"."SEVERITY" MODIFY ("SEVERITYNAME" NOT NULL ENABLE);
--------------------------------------------------------
--  Constraints for Table PROJECT
--------------------------------------------------------

  ALTER TABLE "ZAZ"."PROJECT" MODIFY ("PROJECTID" NOT NULL ENABLE);
 
  ALTER TABLE "ZAZ"."PROJECT" MODIFY ("PROJECTTITLE" NOT NULL ENABLE);
 
  ALTER TABLE "ZAZ"."PROJECT" MODIFY ("PROJECTPRICE" NOT NULL ENABLE);
 
  ALTER TABLE "ZAZ"."PROJECT" ADD PRIMARY KEY ("PROJECTID")
  USING INDEX PCTFREE 10 INITRANS 2 MAXTRANS 255 
  STORAGE(INITIAL 65536 NEXT 1048576 MINEXTENTS 1 MAXEXTENTS 2147483645
  PCTINCREASE 0 FREELISTS 1 FREELIST GROUPS 1 BUFFER_POOL DEFAULT FLASH_CACHE DEFAULT CELL_FLASH_CACHE DEFAULT)
  TABLESPACE "USERS"  ENABLE;
--------------------------------------------------------
--  Constraints for Table POSITION
--------------------------------------------------------

  ALTER TABLE "ZAZ"."POSITION" MODIFY ("POSITIONID" NOT NULL ENABLE);
 
  ALTER TABLE "ZAZ"."POSITION" MODIFY ("POSITIONNAME" NOT NULL ENABLE);
 
  ALTER TABLE "ZAZ"."POSITION" ADD PRIMARY KEY ("POSITIONID")
  USING INDEX PCTFREE 10 INITRANS 2 MAXTRANS 255 
  STORAGE(INITIAL 65536 NEXT 1048576 MINEXTENTS 1 MAXEXTENTS 2147483645
  PCTINCREASE 0 FREELISTS 1 FREELIST GROUPS 1 BUFFER_POOL DEFAULT FLASH_CACHE DEFAULT CELL_FLASH_CACHE DEFAULT)
  TABLESPACE "USERS"  ENABLE;
--------------------------------------------------------
--  Constraints for Table EMPLOYEE
--------------------------------------------------------

  ALTER TABLE "ZAZ"."EMPLOYEE" MODIFY ("EMPID" NOT NULL ENABLE);
 
  ALTER TABLE "ZAZ"."EMPLOYEE" MODIFY ("EMPFNAME" NOT NULL ENABLE);
 
  ALTER TABLE "ZAZ"."EMPLOYEE" MODIFY ("EMPSNAME" NOT NULL ENABLE);
 
  ALTER TABLE "ZAZ"."EMPLOYEE" MODIFY ("EMPPOSITIONID" NOT NULL ENABLE);
 
  ALTER TABLE "ZAZ"."EMPLOYEE" ADD PRIMARY KEY ("EMPID")
  USING INDEX PCTFREE 10 INITRANS 2 MAXTRANS 255 
  STORAGE(INITIAL 65536 NEXT 1048576 MINEXTENTS 1 MAXEXTENTS 2147483645
  PCTINCREASE 0 FREELISTS 1 FREELIST GROUPS 1 BUFFER_POOL DEFAULT FLASH_CACHE DEFAULT CELL_FLASH_CACHE DEFAULT)
  TABLESPACE "USERS"  ENABLE;
--------------------------------------------------------
--  Constraints for Table COMPONENT
--------------------------------------------------------

  ALTER TABLE "ZAZ"."COMPONENT" ADD CONSTRAINT "PK_COMPONENT" PRIMARY KEY ("COMPONENTID")
  USING INDEX PCTFREE 10 INITRANS 2 MAXTRANS 255 
  STORAGE(INITIAL 65536 NEXT 1048576 MINEXTENTS 1 MAXEXTENTS 2147483645
  PCTINCREASE 0 FREELISTS 1 FREELIST GROUPS 1 BUFFER_POOL DEFAULT FLASH_CACHE DEFAULT CELL_FLASH_CACHE DEFAULT)
  TABLESPACE "USERS"  ENABLE;
 
  ALTER TABLE "ZAZ"."COMPONENT" MODIFY ("COMPONENTID" NOT NULL ENABLE);
 
  ALTER TABLE "ZAZ"."COMPONENT" MODIFY ("COMPONENTTITLE" NOT NULL ENABLE);
--------------------------------------------------------
--  Constraints for Table BUGACTIVITY
--------------------------------------------------------

  ALTER TABLE "ZAZ"."BUGACTIVITY" MODIFY ("BAID" NOT NULL ENABLE);
 
  ALTER TABLE "ZAZ"."BUGACTIVITY" MODIFY ("BABUGID" NOT NULL ENABLE);
 
  ALTER TABLE "ZAZ"."BUGACTIVITY" MODIFY ("BAEMPID" NOT NULL ENABLE);
 
  ALTER TABLE "ZAZ"."BUGACTIVITY" MODIFY ("BADATEREPORT" NOT NULL ENABLE);
 
  ALTER TABLE "ZAZ"."BUGACTIVITY" MODIFY ("BAFILENAME" NOT NULL ENABLE);
 
  ALTER TABLE "ZAZ"."BUGACTIVITY" ADD PRIMARY KEY ("BAID")
  USING INDEX PCTFREE 10 INITRANS 2 MAXTRANS 255 NOCOMPRESS LOGGING
  TABLESPACE "USERS"  ENABLE;
--------------------------------------------------------
--  Constraints for Table STATUS
--------------------------------------------------------

  ALTER TABLE "ZAZ"."STATUS" ADD CONSTRAINT "PK_STATUS" PRIMARY KEY ("STATUSID")
  USING INDEX PCTFREE 10 INITRANS 2 MAXTRANS 255 
  STORAGE(INITIAL 65536 NEXT 1048576 MINEXTENTS 1 MAXEXTENTS 2147483645
  PCTINCREASE 0 FREELISTS 1 FREELIST GROUPS 1 BUFFER_POOL DEFAULT FLASH_CACHE DEFAULT CELL_FLASH_CACHE DEFAULT)
  TABLESPACE "USERS"  ENABLE;
 
  ALTER TABLE "ZAZ"."STATUS" MODIFY ("STATUSID" NOT NULL ENABLE);
--------------------------------------------------------
--  Ref Constraints for Table BUG
--------------------------------------------------------

  ALTER TABLE "ZAZ"."BUG" ADD CONSTRAINT "FK_BUG_COMPONENT" FOREIGN KEY ("BUGCOMPONENTID")
	  REFERENCES "ZAZ"."COMPONENT" ("COMPONENTID") ENABLE;
 
  ALTER TABLE "ZAZ"."BUG" ADD CONSTRAINT "FK_BUG_FIXER" FOREIGN KEY ("BUGFIXERID")
	  REFERENCES "ZAZ"."EMPLOYEE" ("EMPID") ENABLE;
 
  ALTER TABLE "ZAZ"."BUG" ADD CONSTRAINT "FK_BUG_PROJECT" FOREIGN KEY ("BUGPROJECTID")
	  REFERENCES "ZAZ"."PROJECT" ("PROJECTID") ENABLE;
 
  ALTER TABLE "ZAZ"."BUG" ADD CONSTRAINT "FK_BUG_REPOTER" FOREIGN KEY ("BUGREPORTERID")
	  REFERENCES "ZAZ"."EMPLOYEE" ("EMPID") ENABLE;
 
  ALTER TABLE "ZAZ"."BUG" ADD CONSTRAINT "FK_BUG_SEVERITY" FOREIGN KEY ("BUGSEVERITYID")
	  REFERENCES "ZAZ"."SEVERITY" ("SEVERITYID") ENABLE;
 
  ALTER TABLE "ZAZ"."BUG" ADD CONSTRAINT "FK_BUG_STATUS" FOREIGN KEY ("BUGSTATUSID")
	  REFERENCES "ZAZ"."STATUS" ("STATUSID") ENABLE;
--------------------------------------------------------
--  Ref Constraints for Table EMPLOYEE
--------------------------------------------------------

  ALTER TABLE "ZAZ"."EMPLOYEE" ADD CONSTRAINT "FK_EMPPOSITION" FOREIGN KEY ("EMPPOSITIONID")
	  REFERENCES "ZAZ"."POSITION" ("POSITIONID") ENABLE;
--------------------------------------------------------
--  Ref Constraints for Table BUGACTIVITY
--------------------------------------------------------

  ALTER TABLE "ZAZ"."BUGACTIVITY" ADD CONSTRAINT "FK_BA_BUGID" FOREIGN KEY ("BABUGID")
	  REFERENCES "ZAZ"."BUG" ("BUGID") ENABLE;
 
  ALTER TABLE "ZAZ"."BUGACTIVITY" ADD CONSTRAINT "FK_BA_EMPLOYEE" FOREIGN KEY ("BAEMPID")
	  REFERENCES "ZAZ"."EMPLOYEE" ("EMPID") ENABLE;
--------------------------------------------------------
--  DDL for Trigger BUG_TRIGGER
--------------------------------------------------------

  CREATE OR REPLACE TRIGGER "ZAZ"."BUG_TRIGGER" 
BEFORE INSERT ON Bug
FOR EACH ROW
BEGIN
  SELECT Bug_Seq.NEXTVAL
  INTO   :new.bugid
  FROM   DUAL;
END;
/
ALTER TRIGGER "ZAZ"."BUG_TRIGGER" ENABLE;
--------------------------------------------------------
--  DDL for Trigger SEVERITY_TRIG
--------------------------------------------------------

  CREATE OR REPLACE TRIGGER "ZAZ"."SEVERITY_TRIG" 
BEFORE INSERT ON Severity
FOR EACH ROW
BEGIN
  SELECT Severity_Seq.NEXTVAL
  INTO   :new.severityid
  FROM   dual;
END;
/
ALTER TRIGGER "ZAZ"."SEVERITY_TRIG" ENABLE;
--------------------------------------------------------
--  DDL for Trigger PROJECT_TRIGGER
--------------------------------------------------------

  CREATE OR REPLACE TRIGGER "ZAZ"."PROJECT_TRIGGER" 
BEFORE INSERT ON Project
FOR EACH ROW
BEGIN
  SELECT Project_Seq.NEXTVAL
  INTO   :new.projectid
  FROM   dual;
END;
/
ALTER TRIGGER "ZAZ"."PROJECT_TRIGGER" ENABLE;
--------------------------------------------------------
--  DDL for Trigger POS_TRIG
--------------------------------------------------------

  CREATE OR REPLACE TRIGGER "ZAZ"."POS_TRIG" 
BEFORE INSERT ON Position
FOR EACH ROW
BEGIN
  SELECT Pos_Seq.NEXTVAL
  INTO   :new.positionid
  FROM   dual;
END;
/
ALTER TRIGGER "ZAZ"."POS_TRIG" ENABLE;
--------------------------------------------------------
--  DDL for Trigger EMP_TRIG
--------------------------------------------------------

  CREATE OR REPLACE TRIGGER "ZAZ"."EMP_TRIG" 
BEFORE INSERT ON Employee
FOR EACH ROW
BEGIN
  SELECT Emp_Seq.NEXTVAL
  INTO   :new.empid
  FROM   dual;
END;
/
ALTER TRIGGER "ZAZ"."EMP_TRIG" ENABLE;
--------------------------------------------------------
--  DDL for Trigger COMPONENT_TRIG
--------------------------------------------------------

  CREATE OR REPLACE TRIGGER "ZAZ"."COMPONENT_TRIG" 
BEFORE INSERT ON Component
FOR EACH ROW
BEGIN
  SELECT Component_Seq.NEXTVAL
  INTO   :new.componentid
  FROM   dual;
END;
/
ALTER TRIGGER "ZAZ"."COMPONENT_TRIG" ENABLE;
--------------------------------------------------------
--  DDL for Trigger BA_TRIGGER
--------------------------------------------------------

  CREATE OR REPLACE TRIGGER "ZAZ"."BA_TRIGGER" 
BEFORE INSERT ON BugActivity
FOR EACH ROW
BEGIN
  SELECT BA_Seq.NEXTVAL
  INTO   :new.baid
  FROM   DUAL;
END;
/
ALTER TRIGGER "ZAZ"."BA_TRIGGER" ENABLE;
--------------------------------------------------------
--  DDL for Trigger STATUS_TRIG
--------------------------------------------------------

  CREATE OR REPLACE TRIGGER "ZAZ"."STATUS_TRIG" 
BEFORE INSERT ON Status
FOR EACH ROW
BEGIN
  SELECT Status_Seq.NEXTVAL
  INTO   :new.statusid
  FROM   dual;
END;
/
ALTER TRIGGER "ZAZ"."STATUS_TRIG" ENABLE;
--------------------------------------------------------
--  DDL for Synonymn DUAL
--------------------------------------------------------

  CREATE OR REPLACE PUBLIC SYNONYM "DUAL" FOR "SYS"."DUAL";
