--------------------------------------------------------
--  File created - Friday-January-17-2014   
--------------------------------------------------------
DROP TABLE "ZAZ"."BUG";
DROP TABLE "ZAZ"."COMPONENT";
DROP TABLE "ZAZ"."EMPLOYEE";
DROP TABLE "ZAZ"."POSITION";
DROP TABLE "ZAZ"."PROJECT";
DROP TABLE "ZAZ"."SEVERITY";
DROP TABLE "ZAZ"."STATUS";
DROP SEQUENCE "ZAZ"."BA_SEQ";
DROP SEQUENCE "ZAZ"."BUG_SEQ";
DROP SEQUENCE "ZAZ"."COMPONENT_SEQ";
DROP SEQUENCE "ZAZ"."EMP_SEQ";
DROP SEQUENCE "ZAZ"."POS_SEQ";
DROP SEQUENCE "ZAZ"."PROJECT_SEQ";
DROP SEQUENCE "ZAZ"."SEVERITY_SEQ";
DROP SEQUENCE "ZAZ"."STATUS_SEQ";
DROP VIEW "ZAZ"."NOBUGPROJECT";
DROP FUNCTION "ZAZ"."BUGCOUNT";
DROP FUNCTION "ZAZ"."MIN3";
DROP PROCEDURE "ZAZ"."PC_BUGOFEMPLOYEE";
--------------------------------------------------------
--  DDL for Sequence BA_SEQ
--------------------------------------------------------

   CREATE SEQUENCE  "ZAZ"."BA_SEQ"  MINVALUE 1 MAXVALUE 9999999999999999999999999999 INCREMENT BY 1 START WITH 1 CACHE 20 NOORDER  NOCYCLE ;
--------------------------------------------------------
--  DDL for Sequence BUG_SEQ
--------------------------------------------------------

   CREATE SEQUENCE  "ZAZ"."BUG_SEQ"  MINVALUE 1 MAXVALUE 9999999999999999999999999999 INCREMENT BY 1 START WITH 301 CACHE 20 NOORDER  NOCYCLE ;
--------------------------------------------------------
--  DDL for Sequence COMPONENT_SEQ
--------------------------------------------------------

   CREATE SEQUENCE  "ZAZ"."COMPONENT_SEQ"  MINVALUE 1 MAXVALUE 9999999999999999999999999999 INCREMENT BY 1 START WITH 21 CACHE 20 NOORDER  NOCYCLE ;
--------------------------------------------------------
--  DDL for Sequence EMP_SEQ
--------------------------------------------------------

   CREATE SEQUENCE  "ZAZ"."EMP_SEQ"  MINVALUE 1 MAXVALUE 9999999999999999999999999999 INCREMENT BY 1 START WITH 21 CACHE 20 NOORDER  NOCYCLE ;
--------------------------------------------------------
--  DDL for Sequence POS_SEQ
--------------------------------------------------------

   CREATE SEQUENCE  "ZAZ"."POS_SEQ"  MINVALUE 1 MAXVALUE 9999999999999999999999999999 INCREMENT BY 1 START WITH 21 CACHE 20 NOORDER  NOCYCLE ;
--------------------------------------------------------
--  DDL for Sequence PROJECT_SEQ
--------------------------------------------------------

   CREATE SEQUENCE  "ZAZ"."PROJECT_SEQ"  MINVALUE 1 MAXVALUE 9999999999999999999999999999 INCREMENT BY 1 START WITH 41 CACHE 20 NOORDER  NOCYCLE ;
--------------------------------------------------------
--  DDL for Sequence SEVERITY_SEQ
--------------------------------------------------------

   CREATE SEQUENCE  "ZAZ"."SEVERITY_SEQ"  MINVALUE 1 MAXVALUE 9999999999999999999999999999 INCREMENT BY 1 START WITH 21 CACHE 20 NOORDER  NOCYCLE ;
--------------------------------------------------------
--  DDL for Sequence STATUS_SEQ
--------------------------------------------------------

   CREATE SEQUENCE  "ZAZ"."STATUS_SEQ"  MINVALUE 1 MAXVALUE 9999999999999999999999999999 INCREMENT BY 1 START WITH 21 CACHE 20 NOORDER  NOCYCLE ;
--------------------------------------------------------
--  DDL for Table BUG
--------------------------------------------------------

  CREATE TABLE "ZAZ"."BUG" 
   (	"BUGID" NUMBER(*,0), 
	"BUGPROJECTID" NUMBER(*,0), 
	"BUGTITLE" VARCHAR2(255 BYTE), 
	"BUGSUMMARY" VARCHAR2(1000 BYTE), 
	"BUGSUBMITTED" TIMESTAMP (6), 
	"BUGREPORTERID" NUMBER(*,0), 
	"BUGFIXERID" NUMBER(*,0), 
	"BUGPRIORITY" NUMBER(*,0), 
	"BUGSEVERITYID" NUMBER(*,0), 
	"BUGCOMPONENTID" NUMBER(*,0), 
	"BUGBUILD" NUMBER(*,0), 
	"BUGSTATUSID" NUMBER(*,0)
   ) SEGMENT CREATION IMMEDIATE 
  PCTFREE 10 PCTUSED 40 INITRANS 1 MAXTRANS 255 NOCOMPRESS LOGGING
  STORAGE(INITIAL 65536 NEXT 1048576 MINEXTENTS 1 MAXEXTENTS 2147483645
  PCTINCREASE 0 FREELISTS 1 FREELIST GROUPS 1 BUFFER_POOL DEFAULT FLASH_CACHE DEFAULT CELL_FLASH_CACHE DEFAULT)
  TABLESPACE "USERS" ;
--------------------------------------------------------
--  DDL for Table COMPONENT
--------------------------------------------------------

  CREATE TABLE "ZAZ"."COMPONENT" 
   (	"COMPONENTID" NUMBER(*,0), 
	"COMPONENTTITLE" VARCHAR2(120 BYTE)
   ) SEGMENT CREATION IMMEDIATE 
  PCTFREE 10 PCTUSED 40 INITRANS 1 MAXTRANS 255 NOCOMPRESS LOGGING
  STORAGE(INITIAL 65536 NEXT 1048576 MINEXTENTS 1 MAXEXTENTS 2147483645
  PCTINCREASE 0 FREELISTS 1 FREELIST GROUPS 1 BUFFER_POOL DEFAULT FLASH_CACHE DEFAULT CELL_FLASH_CACHE DEFAULT)
  TABLESPACE "USERS" ;
--------------------------------------------------------
--  DDL for Table EMPLOYEE
--------------------------------------------------------

  CREATE TABLE "ZAZ"."EMPLOYEE" 
   (	"EMPID" NUMBER(*,0), 
	"EMPFNAME" VARCHAR2(80 BYTE), 
	"EMPSNAME" VARCHAR2(80 BYTE), 
	"EMPPOSITIONID" NUMBER(*,0)
   ) SEGMENT CREATION IMMEDIATE 
  PCTFREE 10 PCTUSED 40 INITRANS 1 MAXTRANS 255 NOCOMPRESS LOGGING
  STORAGE(INITIAL 65536 NEXT 1048576 MINEXTENTS 1 MAXEXTENTS 2147483645
  PCTINCREASE 0 FREELISTS 1 FREELIST GROUPS 1 BUFFER_POOL DEFAULT FLASH_CACHE DEFAULT CELL_FLASH_CACHE DEFAULT)
  TABLESPACE "USERS" ;
--------------------------------------------------------
--  DDL for Table POSITION
--------------------------------------------------------

  CREATE TABLE "ZAZ"."POSITION" 
   (	"POSITIONID" NUMBER(*,0), 
	"POSITIONNAME" VARCHAR2(10 BYTE)
   ) SEGMENT CREATION IMMEDIATE 
  PCTFREE 10 PCTUSED 40 INITRANS 1 MAXTRANS 255 NOCOMPRESS LOGGING
  STORAGE(INITIAL 65536 NEXT 1048576 MINEXTENTS 1 MAXEXTENTS 2147483645
  PCTINCREASE 0 FREELISTS 1 FREELIST GROUPS 1 BUFFER_POOL DEFAULT FLASH_CACHE DEFAULT CELL_FLASH_CACHE DEFAULT)
  TABLESPACE "USERS" ;
--------------------------------------------------------
--  DDL for Table PROJECT
--------------------------------------------------------

  CREATE TABLE "ZAZ"."PROJECT" 
   (	"PROJECTID" NUMBER(*,0), 
	"PROJECTTITLE" VARCHAR2(256 BYTE), 
	"PROJECTDESCRIPTION" VARCHAR2(1000 BYTE), 
	"PROJECTPRICE" NUMBER(*,0)
   ) SEGMENT CREATION IMMEDIATE 
  PCTFREE 10 PCTUSED 40 INITRANS 1 MAXTRANS 255 NOCOMPRESS LOGGING
  STORAGE(INITIAL 65536 NEXT 1048576 MINEXTENTS 1 MAXEXTENTS 2147483645
  PCTINCREASE 0 FREELISTS 1 FREELIST GROUPS 1 BUFFER_POOL DEFAULT FLASH_CACHE DEFAULT CELL_FLASH_CACHE DEFAULT)
  TABLESPACE "USERS" ;
--------------------------------------------------------
--  DDL for Table SEVERITY
--------------------------------------------------------

  CREATE TABLE "ZAZ"."SEVERITY" 
   (	"SEVERITYID" NUMBER(*,0), 
	"SEVERITYNAME" VARCHAR2(100 BYTE)
   ) SEGMENT CREATION IMMEDIATE 
  PCTFREE 10 PCTUSED 40 INITRANS 1 MAXTRANS 255 NOCOMPRESS LOGGING
  STORAGE(INITIAL 65536 NEXT 1048576 MINEXTENTS 1 MAXEXTENTS 2147483645
  PCTINCREASE 0 FREELISTS 1 FREELIST GROUPS 1 BUFFER_POOL DEFAULT FLASH_CACHE DEFAULT CELL_FLASH_CACHE DEFAULT)
  TABLESPACE "USERS" ;
--------------------------------------------------------
--  DDL for Table STATUS
--------------------------------------------------------

  CREATE TABLE "ZAZ"."STATUS" 
   (	"STATUSID" NUMBER(*,0), 
	"STATUSNAME" VARCHAR2(100 BYTE)
   ) SEGMENT CREATION IMMEDIATE 
  PCTFREE 10 PCTUSED 40 INITRANS 1 MAXTRANS 255 NOCOMPRESS LOGGING
  STORAGE(INITIAL 65536 NEXT 1048576 MINEXTENTS 1 MAXEXTENTS 2147483645
  PCTINCREASE 0 FREELISTS 1 FREELIST GROUPS 1 BUFFER_POOL DEFAULT FLASH_CACHE DEFAULT CELL_FLASH_CACHE DEFAULT)
  TABLESPACE "USERS" ;
--------------------------------------------------------
--  DDL for View NOBUGPROJECT
--------------------------------------------------------

  CREATE OR REPLACE FORCE VIEW "ZAZ"."NOBUGPROJECT" ("PROJECTTITLE") AS 
  SELECT projecttitle
  FROM Project p
    RIGHT JOIN Bug b ON b.bugprojectid = p.projectid
  WHERE b.bugprojectid IS NULL;
REM INSERTING into ZAZ.BUG
SET DEFINE OFF;
Insert into ZAZ.BUG (BUGID,BUGPROJECTID,BUGTITLE,BUGSUMMARY,BUGSUBMITTED,BUGREPORTERID,BUGFIXERID,BUGPRIORITY,BUGSEVERITYID,BUGCOMPONENTID,BUGBUILD,BUGSTATUSID) values (1,1,'asp.net werrd','werird behavior',to_timestamp('17-DEC-13 11.47.44.820000000 AM','DD-MON-RR HH.MI.SSXFF AM'),1,3,1,1,1,1234,1);
Insert into ZAZ.BUG (BUGID,BUGPROJECTID,BUGTITLE,BUGSUMMARY,BUGSUBMITTED,BUGREPORTERID,BUGFIXERID,BUGPRIORITY,BUGSEVERITYID,BUGCOMPONENTID,BUGBUILD,BUGSTATUSID) values (2,1,'asp.net werrd','werird behavior',to_timestamp('17-DEC-13 11.51.29.844000000 AM','DD-MON-RR HH.MI.SSXFF AM'),1,5,1,1,1,1234,1);
Insert into ZAZ.BUG (BUGID,BUGPROJECTID,BUGTITLE,BUGSUMMARY,BUGSUBMITTED,BUGREPORTERID,BUGFIXERID,BUGPRIORITY,BUGSEVERITYID,BUGCOMPONENTID,BUGBUILD,BUGSTATUSID) values (3,1,'asp.net werrd','werird behavior',to_timestamp('17-DEC-13 11.51.29.849000000 AM','DD-MON-RR HH.MI.SSXFF AM'),3,9,7,5,3,1234,5);
Insert into ZAZ.BUG (BUGID,BUGPROJECTID,BUGTITLE,BUGSUMMARY,BUGSUBMITTED,BUGREPORTERID,BUGFIXERID,BUGPRIORITY,BUGSEVERITYID,BUGCOMPONENTID,BUGBUILD,BUGSTATUSID) values (4,1,'asp.net werrd','werird behavior',to_timestamp('17-DEC-13 11.51.29.910000000 AM','DD-MON-RR HH.MI.SSXFF AM'),6,4,4,3,2,1234,1);
Insert into ZAZ.BUG (BUGID,BUGPROJECTID,BUGTITLE,BUGSUMMARY,BUGSUBMITTED,BUGREPORTERID,BUGFIXERID,BUGPRIORITY,BUGSEVERITYID,BUGCOMPONENTID,BUGBUILD,BUGSTATUSID) values (5,1,'asp.net werrd','werird behavior',to_timestamp('17-DEC-13 11.51.29.956000000 AM','DD-MON-RR HH.MI.SSXFF AM'),4,5,4,3,3,1234,5);
Insert into ZAZ.BUG (BUGID,BUGPROJECTID,BUGTITLE,BUGSUMMARY,BUGSUBMITTED,BUGREPORTERID,BUGFIXERID,BUGPRIORITY,BUGSEVERITYID,BUGCOMPONENTID,BUGBUILD,BUGSTATUSID) values (6,1,'asp.net werrd','werird behavior',to_timestamp('17-DEC-13 11.52.07.269000000 AM','DD-MON-RR HH.MI.SSXFF AM'),8,5,1,5,3,1234,2);
Insert into ZAZ.BUG (BUGID,BUGPROJECTID,BUGTITLE,BUGSUMMARY,BUGSUBMITTED,BUGREPORTERID,BUGFIXERID,BUGPRIORITY,BUGSEVERITYID,BUGCOMPONENTID,BUGBUILD,BUGSTATUSID) values (7,1,'asp.net werrd','werird behavior',to_timestamp('17-DEC-13 11.52.25.808000000 AM','DD-MON-RR HH.MI.SSXFF AM'),9,6,1,4,3,1234,6);
Insert into ZAZ.BUG (BUGID,BUGPROJECTID,BUGTITLE,BUGSUMMARY,BUGSUBMITTED,BUGREPORTERID,BUGFIXERID,BUGPRIORITY,BUGSEVERITYID,BUGCOMPONENTID,BUGBUILD,BUGSTATUSID) values (8,1,'asp.net werrd','werird behavior',to_timestamp('17-DEC-13 11.52.51.236000000 AM','DD-MON-RR HH.MI.SSXFF AM'),1,2,1,1,1,1234,1);
Insert into ZAZ.BUG (BUGID,BUGPROJECTID,BUGTITLE,BUGSUMMARY,BUGSUBMITTED,BUGREPORTERID,BUGFIXERID,BUGPRIORITY,BUGSEVERITYID,BUGCOMPONENTID,BUGBUILD,BUGSTATUSID) values (9,1,'asp.net werrd','werird behavior',to_timestamp('17-DEC-13 11.52.51.240000000 AM','DD-MON-RR HH.MI.SSXFF AM'),3,3,7,5,3,1234,5);
Insert into ZAZ.BUG (BUGID,BUGPROJECTID,BUGTITLE,BUGSUMMARY,BUGSUBMITTED,BUGREPORTERID,BUGFIXERID,BUGPRIORITY,BUGSEVERITYID,BUGCOMPONENTID,BUGBUILD,BUGSTATUSID) values (10,1,'asp.net werrd','werird behavior',to_timestamp('17-DEC-13 11.52.51.243000000 AM','DD-MON-RR HH.MI.SSXFF AM'),8,5,1,5,3,1234,2);
Insert into ZAZ.BUG (BUGID,BUGPROJECTID,BUGTITLE,BUGSUMMARY,BUGSUBMITTED,BUGREPORTERID,BUGFIXERID,BUGPRIORITY,BUGSEVERITYID,BUGCOMPONENTID,BUGBUILD,BUGSTATUSID) values (11,1,'asp.net werrd','werird behavior',to_timestamp('17-DEC-13 11.52.51.245000000 AM','DD-MON-RR HH.MI.SSXFF AM'),9,9,1,4,3,1234,6);
Insert into ZAZ.BUG (BUGID,BUGPROJECTID,BUGTITLE,BUGSUMMARY,BUGSUBMITTED,BUGREPORTERID,BUGFIXERID,BUGPRIORITY,BUGSEVERITYID,BUGCOMPONENTID,BUGBUILD,BUGSTATUSID) values (12,1,'asp.net werrd','werird behavior',to_timestamp('17-DEC-13 11.52.51.265000000 AM','DD-MON-RR HH.MI.SSXFF AM'),6,6,4,3,2,1234,1);
Insert into ZAZ.BUG (BUGID,BUGPROJECTID,BUGTITLE,BUGSUMMARY,BUGSUBMITTED,BUGREPORTERID,BUGFIXERID,BUGPRIORITY,BUGSEVERITYID,BUGCOMPONENTID,BUGBUILD,BUGSTATUSID) values (13,1,'asp.net werrd','werird behavior',to_timestamp('17-DEC-13 11.52.51.269000000 AM','DD-MON-RR HH.MI.SSXFF AM'),1,2,2,3,3,1234,5);
Insert into ZAZ.BUG (BUGID,BUGPROJECTID,BUGTITLE,BUGSUMMARY,BUGSUBMITTED,BUGREPORTERID,BUGFIXERID,BUGPRIORITY,BUGSEVERITYID,BUGCOMPONENTID,BUGBUILD,BUGSTATUSID) values (14,1,'asp.net werrd','werird behavior',to_timestamp('17-DEC-13 11.52.51.272000000 AM','DD-MON-RR HH.MI.SSXFF AM'),2,7,1,3,3,1234,6);
Insert into ZAZ.BUG (BUGID,BUGPROJECTID,BUGTITLE,BUGSUMMARY,BUGSUBMITTED,BUGREPORTERID,BUGFIXERID,BUGPRIORITY,BUGSEVERITYID,BUGCOMPONENTID,BUGBUILD,BUGSTATUSID) values (15,1,'asp.net werrd','werird behavior',to_timestamp('17-DEC-13 11.52.51.276000000 AM','DD-MON-RR HH.MI.SSXFF AM'),3,6,3,3,3,1234,6);
Insert into ZAZ.BUG (BUGID,BUGPROJECTID,BUGTITLE,BUGSUMMARY,BUGSUBMITTED,BUGREPORTERID,BUGFIXERID,BUGPRIORITY,BUGSEVERITYID,BUGCOMPONENTID,BUGBUILD,BUGSTATUSID) values (16,1,'asp.net werrd','werird behavior',to_timestamp('17-DEC-13 11.52.51.278000000 AM','DD-MON-RR HH.MI.SSXFF AM'),4,9,4,3,3,1234,5);
Insert into ZAZ.BUG (BUGID,BUGPROJECTID,BUGTITLE,BUGSUMMARY,BUGSUBMITTED,BUGREPORTERID,BUGFIXERID,BUGPRIORITY,BUGSEVERITYID,BUGCOMPONENTID,BUGBUILD,BUGSTATUSID) values (17,1,'asp.net werrd','werird behavior',to_timestamp('17-DEC-13 11.52.58.993000000 AM','DD-MON-RR HH.MI.SSXFF AM'),1,2,1,1,1,1234,1);
Insert into ZAZ.BUG (BUGID,BUGPROJECTID,BUGTITLE,BUGSUMMARY,BUGSUBMITTED,BUGREPORTERID,BUGFIXERID,BUGPRIORITY,BUGSEVERITYID,BUGCOMPONENTID,BUGBUILD,BUGSTATUSID) values (18,1,'asp.net werrd','werird behavior',to_timestamp('17-DEC-13 11.52.58.997000000 AM','DD-MON-RR HH.MI.SSXFF AM'),3,3,7,5,3,1234,5);
Insert into ZAZ.BUG (BUGID,BUGPROJECTID,BUGTITLE,BUGSUMMARY,BUGSUBMITTED,BUGREPORTERID,BUGFIXERID,BUGPRIORITY,BUGSEVERITYID,BUGCOMPONENTID,BUGBUILD,BUGSTATUSID) values (19,1,'asp.net werrd','werird behavior',to_timestamp('17-DEC-13 11.52.59.001000000 AM','DD-MON-RR HH.MI.SSXFF AM'),8,6,1,5,3,1234,2);
Insert into ZAZ.BUG (BUGID,BUGPROJECTID,BUGTITLE,BUGSUMMARY,BUGSUBMITTED,BUGREPORTERID,BUGFIXERID,BUGPRIORITY,BUGSEVERITYID,BUGCOMPONENTID,BUGBUILD,BUGSTATUSID) values (20,1,'asp.net werrd','werird behavior',to_timestamp('17-DEC-13 11.52.59.005000000 AM','DD-MON-RR HH.MI.SSXFF AM'),9,5,1,4,3,1234,6);
Insert into ZAZ.BUG (BUGID,BUGPROJECTID,BUGTITLE,BUGSUMMARY,BUGSUBMITTED,BUGREPORTERID,BUGFIXERID,BUGPRIORITY,BUGSEVERITYID,BUGCOMPONENTID,BUGBUILD,BUGSTATUSID) values (21,1,'asp.net werrd','werird behavior',to_timestamp('17-DEC-13 11.52.59.021000000 AM','DD-MON-RR HH.MI.SSXFF AM'),6,9,4,3,2,1234,1);
Insert into ZAZ.BUG (BUGID,BUGPROJECTID,BUGTITLE,BUGSUMMARY,BUGSUBMITTED,BUGREPORTERID,BUGFIXERID,BUGPRIORITY,BUGSEVERITYID,BUGCOMPONENTID,BUGBUILD,BUGSTATUSID) values (22,1,'asp.net werrd','werird behavior',to_timestamp('17-DEC-13 11.52.59.023000000 AM','DD-MON-RR HH.MI.SSXFF AM'),1,2,2,3,3,1234,5);
Insert into ZAZ.BUG (BUGID,BUGPROJECTID,BUGTITLE,BUGSUMMARY,BUGSUBMITTED,BUGREPORTERID,BUGFIXERID,BUGPRIORITY,BUGSEVERITYID,BUGCOMPONENTID,BUGBUILD,BUGSTATUSID) values (23,1,'asp.net werrd','werird behavior',to_timestamp('17-DEC-13 11.52.59.026000000 AM','DD-MON-RR HH.MI.SSXFF AM'),2,8,1,3,3,1234,6);
Insert into ZAZ.BUG (BUGID,BUGPROJECTID,BUGTITLE,BUGSUMMARY,BUGSUBMITTED,BUGREPORTERID,BUGFIXERID,BUGPRIORITY,BUGSEVERITYID,BUGCOMPONENTID,BUGBUILD,BUGSTATUSID) values (24,1,'asp.net werrd','werird behavior',to_timestamp('17-DEC-13 11.52.59.028000000 AM','DD-MON-RR HH.MI.SSXFF AM'),3,6,3,3,3,1234,6);
Insert into ZAZ.BUG (BUGID,BUGPROJECTID,BUGTITLE,BUGSUMMARY,BUGSUBMITTED,BUGREPORTERID,BUGFIXERID,BUGPRIORITY,BUGSEVERITYID,BUGCOMPONENTID,BUGBUILD,BUGSTATUSID) values (25,1,'asp.net werrd','werird behavior',to_timestamp('17-DEC-13 11.52.59.031000000 AM','DD-MON-RR HH.MI.SSXFF AM'),4,5,4,3,3,1234,5);
Insert into ZAZ.BUG (BUGID,BUGPROJECTID,BUGTITLE,BUGSUMMARY,BUGSUBMITTED,BUGREPORTERID,BUGFIXERID,BUGPRIORITY,BUGSEVERITYID,BUGCOMPONENTID,BUGBUILD,BUGSTATUSID) values (26,1,'werrd','werird behavior',to_timestamp('17-DEC-13 11.53.46.053000000 AM','DD-MON-RR HH.MI.SSXFF AM'),1,9,1,1,1,1234,1);
Insert into ZAZ.BUG (BUGID,BUGPROJECTID,BUGTITLE,BUGSUMMARY,BUGSUBMITTED,BUGREPORTERID,BUGFIXERID,BUGPRIORITY,BUGSEVERITYID,BUGCOMPONENTID,BUGBUILD,BUGSTATUSID) values (27,1,'wpf werrd','werird behavior',to_timestamp('17-DEC-13 11.53.46.060000000 AM','DD-MON-RR HH.MI.SSXFF AM'),3,8,7,5,3,1234,5);
Insert into ZAZ.BUG (BUGID,BUGPROJECTID,BUGTITLE,BUGSUMMARY,BUGSUBMITTED,BUGREPORTERID,BUGFIXERID,BUGPRIORITY,BUGSEVERITYID,BUGCOMPONENTID,BUGBUILD,BUGSTATUSID) values (28,1,'forms werrd','werird behavior',to_timestamp('17-DEC-13 11.53.46.067000000 AM','DD-MON-RR HH.MI.SSXFF AM'),8,8,1,5,3,1234,2);
Insert into ZAZ.BUG (BUGID,BUGPROJECTID,BUGTITLE,BUGSUMMARY,BUGSUBMITTED,BUGREPORTERID,BUGFIXERID,BUGPRIORITY,BUGSEVERITYID,BUGCOMPONENTID,BUGBUILD,BUGSTATUSID) values (29,1,'asp.net werrd','werird behavior',to_timestamp('17-DEC-13 11.53.46.071000000 AM','DD-MON-RR HH.MI.SSXFF AM'),9,4,1,4,3,1234,6);
Insert into ZAZ.BUG (BUGID,BUGPROJECTID,BUGTITLE,BUGSUMMARY,BUGSUBMITTED,BUGREPORTERID,BUGFIXERID,BUGPRIORITY,BUGSEVERITYID,BUGCOMPONENTID,BUGBUILD,BUGSTATUSID) values (30,1,'asp.net werrd','werird behavior',to_timestamp('17-DEC-13 11.53.46.087000000 AM','DD-MON-RR HH.MI.SSXFF AM'),6,5,4,3,2,1234,1);
Insert into ZAZ.BUG (BUGID,BUGPROJECTID,BUGTITLE,BUGSUMMARY,BUGSUBMITTED,BUGREPORTERID,BUGFIXERID,BUGPRIORITY,BUGSEVERITYID,BUGCOMPONENTID,BUGBUILD,BUGSTATUSID) values (31,1,'asp.net werrd','werird behavior',to_timestamp('17-DEC-13 11.53.46.089000000 AM','DD-MON-RR HH.MI.SSXFF AM'),1,7,2,3,3,1234,5);
Insert into ZAZ.BUG (BUGID,BUGPROJECTID,BUGTITLE,BUGSUMMARY,BUGSUBMITTED,BUGREPORTERID,BUGFIXERID,BUGPRIORITY,BUGSEVERITYID,BUGCOMPONENTID,BUGBUILD,BUGSTATUSID) values (32,1,'asp.net werrd','werird behavior',to_timestamp('17-DEC-13 11.53.46.091000000 AM','DD-MON-RR HH.MI.SSXFF AM'),2,2,1,3,3,1234,6);
Insert into ZAZ.BUG (BUGID,BUGPROJECTID,BUGTITLE,BUGSUMMARY,BUGSUBMITTED,BUGREPORTERID,BUGFIXERID,BUGPRIORITY,BUGSEVERITYID,BUGCOMPONENTID,BUGBUILD,BUGSTATUSID) values (33,1,'asp.net werrd','werird behavior',to_timestamp('17-DEC-13 11.53.46.093000000 AM','DD-MON-RR HH.MI.SSXFF AM'),3,5,3,3,3,1234,6);
Insert into ZAZ.BUG (BUGID,BUGPROJECTID,BUGTITLE,BUGSUMMARY,BUGSUBMITTED,BUGREPORTERID,BUGFIXERID,BUGPRIORITY,BUGSEVERITYID,BUGCOMPONENTID,BUGBUILD,BUGSTATUSID) values (34,1,'asp.net werrd','werird behavior',to_timestamp('17-DEC-13 11.53.46.095000000 AM','DD-MON-RR HH.MI.SSXFF AM'),4,3,4,3,3,1234,5);
Insert into ZAZ.BUG (BUGID,BUGPROJECTID,BUGTITLE,BUGSUMMARY,BUGSUBMITTED,BUGREPORTERID,BUGFIXERID,BUGPRIORITY,BUGSEVERITYID,BUGCOMPONENTID,BUGBUILD,BUGSTATUSID) values (35,2,'werrd','werird behavior',to_timestamp('17-DEC-13 11.54.49.818000000 AM','DD-MON-RR HH.MI.SSXFF AM'),1,10,1,1,1,1234,1);
Insert into ZAZ.BUG (BUGID,BUGPROJECTID,BUGTITLE,BUGSUMMARY,BUGSUBMITTED,BUGREPORTERID,BUGFIXERID,BUGPRIORITY,BUGSEVERITYID,BUGCOMPONENTID,BUGBUILD,BUGSTATUSID) values (36,4,'wpf werrd','werird behavior',to_timestamp('17-DEC-13 11.54.49.822000000 AM','DD-MON-RR HH.MI.SSXFF AM'),3,8,7,5,3,1234,5);
Insert into ZAZ.BUG (BUGID,BUGPROJECTID,BUGTITLE,BUGSUMMARY,BUGSUBMITTED,BUGREPORTERID,BUGFIXERID,BUGPRIORITY,BUGSEVERITYID,BUGCOMPONENTID,BUGBUILD,BUGSTATUSID) values (37,10,'forms werrd','werird behavior',to_timestamp('17-DEC-13 11.54.49.824000000 AM','DD-MON-RR HH.MI.SSXFF AM'),8,10,1,5,3,1234,2);
Insert into ZAZ.BUG (BUGID,BUGPROJECTID,BUGTITLE,BUGSUMMARY,BUGSUBMITTED,BUGREPORTERID,BUGFIXERID,BUGPRIORITY,BUGSEVERITYID,BUGCOMPONENTID,BUGBUILD,BUGSTATUSID) values (38,5,'asp.net werrd','werird behavior',to_timestamp('17-DEC-13 11.54.49.828000000 AM','DD-MON-RR HH.MI.SSXFF AM'),9,1,1,4,3,1234,6);
Insert into ZAZ.BUG (BUGID,BUGPROJECTID,BUGTITLE,BUGSUMMARY,BUGSUBMITTED,BUGREPORTERID,BUGFIXERID,BUGPRIORITY,BUGSEVERITYID,BUGCOMPONENTID,BUGBUILD,BUGSTATUSID) values (39,25,'asp.net werrd','werird behavior',to_timestamp('17-DEC-13 11.54.49.877000000 AM','DD-MON-RR HH.MI.SSXFF AM'),6,4,4,3,2,1234,1);
Insert into ZAZ.BUG (BUGID,BUGPROJECTID,BUGTITLE,BUGSUMMARY,BUGSUBMITTED,BUGREPORTERID,BUGFIXERID,BUGPRIORITY,BUGSEVERITYID,BUGCOMPONENTID,BUGBUILD,BUGSTATUSID) values (40,30,'asp.net werrd','werird behavior',to_timestamp('17-DEC-13 11.54.49.880000000 AM','DD-MON-RR HH.MI.SSXFF AM'),1,7,2,3,3,1234,5);
Insert into ZAZ.BUG (BUGID,BUGPROJECTID,BUGTITLE,BUGSUMMARY,BUGSUBMITTED,BUGREPORTERID,BUGFIXERID,BUGPRIORITY,BUGSEVERITYID,BUGCOMPONENTID,BUGBUILD,BUGSTATUSID) values (41,29,'asp.net werrd','werird behavior',to_timestamp('17-DEC-13 11.54.49.884000000 AM','DD-MON-RR HH.MI.SSXFF AM'),2,6,1,3,3,1234,6);
Insert into ZAZ.BUG (BUGID,BUGPROJECTID,BUGTITLE,BUGSUMMARY,BUGSUBMITTED,BUGREPORTERID,BUGFIXERID,BUGPRIORITY,BUGSEVERITYID,BUGCOMPONENTID,BUGBUILD,BUGSTATUSID) values (42,4,'asp.net werrd','werird behavior',to_timestamp('17-DEC-13 11.54.49.887000000 AM','DD-MON-RR HH.MI.SSXFF AM'),3,4,3,3,3,1234,6);
Insert into ZAZ.BUG (BUGID,BUGPROJECTID,BUGTITLE,BUGSUMMARY,BUGSUBMITTED,BUGREPORTERID,BUGFIXERID,BUGPRIORITY,BUGSEVERITYID,BUGCOMPONENTID,BUGBUILD,BUGSTATUSID) values (43,7,'asp.net werrd','werird behavior',to_timestamp('17-DEC-13 11.54.49.891000000 AM','DD-MON-RR HH.MI.SSXFF AM'),4,2,4,3,3,1234,5);
Insert into ZAZ.BUG (BUGID,BUGPROJECTID,BUGTITLE,BUGSUMMARY,BUGSUBMITTED,BUGREPORTERID,BUGFIXERID,BUGPRIORITY,BUGSEVERITYID,BUGCOMPONENTID,BUGBUILD,BUGSTATUSID) values (44,2,'werrd','werird behavior',to_timestamp('17-DEC-13 11.55.09.557000000 AM','DD-MON-RR HH.MI.SSXFF AM'),1,3,1,1,1,1234,1);
Insert into ZAZ.BUG (BUGID,BUGPROJECTID,BUGTITLE,BUGSUMMARY,BUGSUBMITTED,BUGREPORTERID,BUGFIXERID,BUGPRIORITY,BUGSEVERITYID,BUGCOMPONENTID,BUGBUILD,BUGSTATUSID) values (45,4,'wpf werrd','werird behavior',to_timestamp('17-DEC-13 11.55.09.562000000 AM','DD-MON-RR HH.MI.SSXFF AM'),3,5,7,5,3,1234,5);
Insert into ZAZ.BUG (BUGID,BUGPROJECTID,BUGTITLE,BUGSUMMARY,BUGSUBMITTED,BUGREPORTERID,BUGFIXERID,BUGPRIORITY,BUGSEVERITYID,BUGCOMPONENTID,BUGBUILD,BUGSTATUSID) values (46,10,'forms werrd','werird behavior',to_timestamp('17-DEC-13 11.55.09.566000000 AM','DD-MON-RR HH.MI.SSXFF AM'),8,4,1,5,3,1234,2);
Insert into ZAZ.BUG (BUGID,BUGPROJECTID,BUGTITLE,BUGSUMMARY,BUGSUBMITTED,BUGREPORTERID,BUGFIXERID,BUGPRIORITY,BUGSEVERITYID,BUGCOMPONENTID,BUGBUILD,BUGSTATUSID) values (47,5,'asp.net werrd','werird behavior',to_timestamp('17-DEC-13 11.55.09.569000000 AM','DD-MON-RR HH.MI.SSXFF AM'),9,9,1,4,3,1234,6);
Insert into ZAZ.BUG (BUGID,BUGPROJECTID,BUGTITLE,BUGSUMMARY,BUGSUBMITTED,BUGREPORTERID,BUGFIXERID,BUGPRIORITY,BUGSEVERITYID,BUGCOMPONENTID,BUGBUILD,BUGSTATUSID) values (48,25,'asp.net werrd','werird behavior',to_timestamp('17-DEC-13 11.55.09.585000000 AM','DD-MON-RR HH.MI.SSXFF AM'),6,3,4,3,2,1234,1);
Insert into ZAZ.BUG (BUGID,BUGPROJECTID,BUGTITLE,BUGSUMMARY,BUGSUBMITTED,BUGREPORTERID,BUGFIXERID,BUGPRIORITY,BUGSEVERITYID,BUGCOMPONENTID,BUGBUILD,BUGSTATUSID) values (49,30,'asp.net werrd','werird behavior',to_timestamp('17-DEC-13 11.55.09.587000000 AM','DD-MON-RR HH.MI.SSXFF AM'),1,5,2,3,3,1234,5);
Insert into ZAZ.BUG (BUGID,BUGPROJECTID,BUGTITLE,BUGSUMMARY,BUGSUBMITTED,BUGREPORTERID,BUGFIXERID,BUGPRIORITY,BUGSEVERITYID,BUGCOMPONENTID,BUGBUILD,BUGSTATUSID) values (50,29,'asp.net werrd','werird behavior',to_timestamp('17-DEC-13 11.55.09.589000000 AM','DD-MON-RR HH.MI.SSXFF AM'),2,6,1,3,3,1234,6);
Insert into ZAZ.BUG (BUGID,BUGPROJECTID,BUGTITLE,BUGSUMMARY,BUGSUBMITTED,BUGREPORTERID,BUGFIXERID,BUGPRIORITY,BUGSEVERITYID,BUGCOMPONENTID,BUGBUILD,BUGSTATUSID) values (51,4,'asp.net werrd','werird behavior',to_timestamp('17-DEC-13 11.55.09.591000000 AM','DD-MON-RR HH.MI.SSXFF AM'),3,5,3,3,3,1234,6);
Insert into ZAZ.BUG (BUGID,BUGPROJECTID,BUGTITLE,BUGSUMMARY,BUGSUBMITTED,BUGREPORTERID,BUGFIXERID,BUGPRIORITY,BUGSEVERITYID,BUGCOMPONENTID,BUGBUILD,BUGSTATUSID) values (52,24,'asp.net werrd','werird behavior',to_timestamp('17-DEC-13 11.55.09.594000000 AM','DD-MON-RR HH.MI.SSXFF AM'),4,9,4,3,3,1234,5);
Insert into ZAZ.BUG (BUGID,BUGPROJECTID,BUGTITLE,BUGSUMMARY,BUGSUBMITTED,BUGREPORTERID,BUGFIXERID,BUGPRIORITY,BUGSEVERITYID,BUGCOMPONENTID,BUGBUILD,BUGSTATUSID) values (53,2,'werrd','werird behavior',to_timestamp('17-DEC-13 11.55.10.135000000 AM','DD-MON-RR HH.MI.SSXFF AM'),1,3,1,1,1,1234,1);
Insert into ZAZ.BUG (BUGID,BUGPROJECTID,BUGTITLE,BUGSUMMARY,BUGSUBMITTED,BUGREPORTERID,BUGFIXERID,BUGPRIORITY,BUGSEVERITYID,BUGCOMPONENTID,BUGBUILD,BUGSTATUSID) values (54,4,'wpf werrd','werird behavior',to_timestamp('17-DEC-13 11.55.10.137000000 AM','DD-MON-RR HH.MI.SSXFF AM'),3,5,7,5,3,1234,5);
Insert into ZAZ.BUG (BUGID,BUGPROJECTID,BUGTITLE,BUGSUMMARY,BUGSUBMITTED,BUGREPORTERID,BUGFIXERID,BUGPRIORITY,BUGSEVERITYID,BUGCOMPONENTID,BUGBUILD,BUGSTATUSID) values (55,10,'forms werrd','werird behavior',to_timestamp('17-DEC-13 11.55.10.138000000 AM','DD-MON-RR HH.MI.SSXFF AM'),8,3,1,5,3,1234,2);
Insert into ZAZ.BUG (BUGID,BUGPROJECTID,BUGTITLE,BUGSUMMARY,BUGSUBMITTED,BUGREPORTERID,BUGFIXERID,BUGPRIORITY,BUGSEVERITYID,BUGCOMPONENTID,BUGBUILD,BUGSTATUSID) values (56,5,'asp.net werrd','werird behavior',to_timestamp('17-DEC-13 11.55.10.140000000 AM','DD-MON-RR HH.MI.SSXFF AM'),9,7,1,4,3,1234,6);
Insert into ZAZ.BUG (BUGID,BUGPROJECTID,BUGTITLE,BUGSUMMARY,BUGSUBMITTED,BUGREPORTERID,BUGFIXERID,BUGPRIORITY,BUGSEVERITYID,BUGCOMPONENTID,BUGBUILD,BUGSTATUSID) values (57,25,'asp.net werrd','werird behavior',to_timestamp('17-DEC-13 11.55.10.152000000 AM','DD-MON-RR HH.MI.SSXFF AM'),6,4,4,3,2,1234,1);
Insert into ZAZ.BUG (BUGID,BUGPROJECTID,BUGTITLE,BUGSUMMARY,BUGSUBMITTED,BUGREPORTERID,BUGFIXERID,BUGPRIORITY,BUGSEVERITYID,BUGCOMPONENTID,BUGBUILD,BUGSTATUSID) values (58,30,'asp.net werrd','werird behavior',to_timestamp('17-DEC-13 11.55.10.154000000 AM','DD-MON-RR HH.MI.SSXFF AM'),1,7,2,3,3,1234,5);
Insert into ZAZ.BUG (BUGID,BUGPROJECTID,BUGTITLE,BUGSUMMARY,BUGSUBMITTED,BUGREPORTERID,BUGFIXERID,BUGPRIORITY,BUGSEVERITYID,BUGCOMPONENTID,BUGBUILD,BUGSTATUSID) values (59,29,'asp.net werrd','werird behavior',to_timestamp('17-DEC-13 11.55.10.156000000 AM','DD-MON-RR HH.MI.SSXFF AM'),2,2,1,3,3,1234,6);
Insert into ZAZ.BUG (BUGID,BUGPROJECTID,BUGTITLE,BUGSUMMARY,BUGSUBMITTED,BUGREPORTERID,BUGFIXERID,BUGPRIORITY,BUGSEVERITYID,BUGCOMPONENTID,BUGBUILD,BUGSTATUSID) values (60,4,'asp.net werrd','werird behavior',to_timestamp('17-DEC-13 11.55.10.158000000 AM','DD-MON-RR HH.MI.SSXFF AM'),3,7,3,3,3,1234,6);
Insert into ZAZ.BUG (BUGID,BUGPROJECTID,BUGTITLE,BUGSUMMARY,BUGSUBMITTED,BUGREPORTERID,BUGFIXERID,BUGPRIORITY,BUGSEVERITYID,BUGCOMPONENTID,BUGBUILD,BUGSTATUSID) values (61,24,'asp.net werrd','werird behavior',to_timestamp('17-DEC-13 11.55.10.160000000 AM','DD-MON-RR HH.MI.SSXFF AM'),4,9,4,3,3,1234,5);
Insert into ZAZ.BUG (BUGID,BUGPROJECTID,BUGTITLE,BUGSUMMARY,BUGSUBMITTED,BUGREPORTERID,BUGFIXERID,BUGPRIORITY,BUGSEVERITYID,BUGCOMPONENTID,BUGBUILD,BUGSTATUSID) values (62,2,'werrd','werird behavior',to_timestamp('17-DEC-13 11.55.10.663000000 AM','DD-MON-RR HH.MI.SSXFF AM'),1,3,1,1,1,1234,1);
Insert into ZAZ.BUG (BUGID,BUGPROJECTID,BUGTITLE,BUGSUMMARY,BUGSUBMITTED,BUGREPORTERID,BUGFIXERID,BUGPRIORITY,BUGSEVERITYID,BUGCOMPONENTID,BUGBUILD,BUGSTATUSID) values (63,4,'wpf werrd','werird behavior',to_timestamp('17-DEC-13 11.55.10.665000000 AM','DD-MON-RR HH.MI.SSXFF AM'),3,4,7,5,3,1234,5);
Insert into ZAZ.BUG (BUGID,BUGPROJECTID,BUGTITLE,BUGSUMMARY,BUGSUBMITTED,BUGREPORTERID,BUGFIXERID,BUGPRIORITY,BUGSEVERITYID,BUGCOMPONENTID,BUGBUILD,BUGSTATUSID) values (64,10,'forms werrd','werird behavior',to_timestamp('17-DEC-13 11.55.10.666000000 AM','DD-MON-RR HH.MI.SSXFF AM'),8,7,1,5,3,1234,2);
Insert into ZAZ.BUG (BUGID,BUGPROJECTID,BUGTITLE,BUGSUMMARY,BUGSUBMITTED,BUGREPORTERID,BUGFIXERID,BUGPRIORITY,BUGSEVERITYID,BUGCOMPONENTID,BUGBUILD,BUGSTATUSID) values (65,5,'asp.net werrd','werird behavior',to_timestamp('17-DEC-13 11.55.10.669000000 AM','DD-MON-RR HH.MI.SSXFF AM'),9,7,1,4,3,1234,6);
Insert into ZAZ.BUG (BUGID,BUGPROJECTID,BUGTITLE,BUGSUMMARY,BUGSUBMITTED,BUGREPORTERID,BUGFIXERID,BUGPRIORITY,BUGSEVERITYID,BUGCOMPONENTID,BUGBUILD,BUGSTATUSID) values (66,25,'asp.net werrd','werird behavior',to_timestamp('17-DEC-13 11.55.10.682000000 AM','DD-MON-RR HH.MI.SSXFF AM'),6,8,4,3,2,1234,1);
Insert into ZAZ.BUG (BUGID,BUGPROJECTID,BUGTITLE,BUGSUMMARY,BUGSUBMITTED,BUGREPORTERID,BUGFIXERID,BUGPRIORITY,BUGSEVERITYID,BUGCOMPONENTID,BUGBUILD,BUGSTATUSID) values (67,30,'asp.net werrd','werird behavior',to_timestamp('17-DEC-13 11.55.10.684000000 AM','DD-MON-RR HH.MI.SSXFF AM'),1,4,2,3,3,1234,5);
Insert into ZAZ.BUG (BUGID,BUGPROJECTID,BUGTITLE,BUGSUMMARY,BUGSUBMITTED,BUGREPORTERID,BUGFIXERID,BUGPRIORITY,BUGSEVERITYID,BUGCOMPONENTID,BUGBUILD,BUGSTATUSID) values (68,29,'asp.net werrd','werird behavior',to_timestamp('17-DEC-13 11.55.10.685000000 AM','DD-MON-RR HH.MI.SSXFF AM'),2,2,1,3,3,1234,6);
Insert into ZAZ.BUG (BUGID,BUGPROJECTID,BUGTITLE,BUGSUMMARY,BUGSUBMITTED,BUGREPORTERID,BUGFIXERID,BUGPRIORITY,BUGSEVERITYID,BUGCOMPONENTID,BUGBUILD,BUGSTATUSID) values (69,4,'asp.net werrd','werird behavior',to_timestamp('17-DEC-13 11.55.10.687000000 AM','DD-MON-RR HH.MI.SSXFF AM'),3,7,3,3,3,1234,6);
Insert into ZAZ.BUG (BUGID,BUGPROJECTID,BUGTITLE,BUGSUMMARY,BUGSUBMITTED,BUGREPORTERID,BUGFIXERID,BUGPRIORITY,BUGSEVERITYID,BUGCOMPONENTID,BUGBUILD,BUGSTATUSID) values (70,24,'asp.net werrd','werird behavior',to_timestamp('17-DEC-13 11.55.10.689000000 AM','DD-MON-RR HH.MI.SSXFF AM'),4,10,4,3,3,1234,5);
Insert into ZAZ.BUG (BUGID,BUGPROJECTID,BUGTITLE,BUGSUMMARY,BUGSUBMITTED,BUGREPORTERID,BUGFIXERID,BUGPRIORITY,BUGSEVERITYID,BUGCOMPONENTID,BUGBUILD,BUGSTATUSID) values (71,2,'werrd','werird behavior',to_timestamp('17-DEC-13 11.55.11.222000000 AM','DD-MON-RR HH.MI.SSXFF AM'),1,6,1,1,1,1234,1);
Insert into ZAZ.BUG (BUGID,BUGPROJECTID,BUGTITLE,BUGSUMMARY,BUGSUBMITTED,BUGREPORTERID,BUGFIXERID,BUGPRIORITY,BUGSEVERITYID,BUGCOMPONENTID,BUGBUILD,BUGSTATUSID) values (72,4,'wpf werrd','werird behavior',to_timestamp('17-DEC-13 11.55.11.225000000 AM','DD-MON-RR HH.MI.SSXFF AM'),3,7,7,5,3,1234,5);
Insert into ZAZ.BUG (BUGID,BUGPROJECTID,BUGTITLE,BUGSUMMARY,BUGSUBMITTED,BUGREPORTERID,BUGFIXERID,BUGPRIORITY,BUGSEVERITYID,BUGCOMPONENTID,BUGBUILD,BUGSTATUSID) values (73,10,'forms werrd','werird behavior',to_timestamp('17-DEC-13 11.55.11.227000000 AM','DD-MON-RR HH.MI.SSXFF AM'),8,5,1,5,3,1234,2);
Insert into ZAZ.BUG (BUGID,BUGPROJECTID,BUGTITLE,BUGSUMMARY,BUGSUBMITTED,BUGREPORTERID,BUGFIXERID,BUGPRIORITY,BUGSEVERITYID,BUGCOMPONENTID,BUGBUILD,BUGSTATUSID) values (74,5,'asp.net werrd','werird behavior',to_timestamp('17-DEC-13 11.55.11.228000000 AM','DD-MON-RR HH.MI.SSXFF AM'),9,7,1,4,3,1234,6);
Insert into ZAZ.BUG (BUGID,BUGPROJECTID,BUGTITLE,BUGSUMMARY,BUGSUBMITTED,BUGREPORTERID,BUGFIXERID,BUGPRIORITY,BUGSEVERITYID,BUGCOMPONENTID,BUGBUILD,BUGSTATUSID) values (75,25,'asp.net werrd','werird behavior',to_timestamp('17-DEC-13 11.55.11.242000000 AM','DD-MON-RR HH.MI.SSXFF AM'),6,7,4,3,2,1234,1);
Insert into ZAZ.BUG (BUGID,BUGPROJECTID,BUGTITLE,BUGSUMMARY,BUGSUBMITTED,BUGREPORTERID,BUGFIXERID,BUGPRIORITY,BUGSEVERITYID,BUGCOMPONENTID,BUGBUILD,BUGSTATUSID) values (76,30,'asp.net werrd','werird behavior',to_timestamp('17-DEC-13 11.55.11.244000000 AM','DD-MON-RR HH.MI.SSXFF AM'),1,4,2,3,3,1234,5);
Insert into ZAZ.BUG (BUGID,BUGPROJECTID,BUGTITLE,BUGSUMMARY,BUGSUBMITTED,BUGREPORTERID,BUGFIXERID,BUGPRIORITY,BUGSEVERITYID,BUGCOMPONENTID,BUGBUILD,BUGSTATUSID) values (77,29,'asp.net werrd','werird behavior',to_timestamp('17-DEC-13 11.55.11.245000000 AM','DD-MON-RR HH.MI.SSXFF AM'),2,5,1,3,3,1234,6);
Insert into ZAZ.BUG (BUGID,BUGPROJECTID,BUGTITLE,BUGSUMMARY,BUGSUBMITTED,BUGREPORTERID,BUGFIXERID,BUGPRIORITY,BUGSEVERITYID,BUGCOMPONENTID,BUGBUILD,BUGSTATUSID) values (78,4,'asp.net werrd','werird behavior',to_timestamp('17-DEC-13 11.55.11.247000000 AM','DD-MON-RR HH.MI.SSXFF AM'),3,7,3,3,3,1234,6);
Insert into ZAZ.BUG (BUGID,BUGPROJECTID,BUGTITLE,BUGSUMMARY,BUGSUBMITTED,BUGREPORTERID,BUGFIXERID,BUGPRIORITY,BUGSEVERITYID,BUGCOMPONENTID,BUGBUILD,BUGSTATUSID) values (79,24,'asp.net werrd','werird behavior',to_timestamp('17-DEC-13 11.55.11.249000000 AM','DD-MON-RR HH.MI.SSXFF AM'),4,8,4,3,3,1234,5);
Insert into ZAZ.BUG (BUGID,BUGPROJECTID,BUGTITLE,BUGSUMMARY,BUGSUBMITTED,BUGREPORTERID,BUGFIXERID,BUGPRIORITY,BUGSEVERITYID,BUGCOMPONENTID,BUGBUILD,BUGSTATUSID) values (80,2,'werrd','werird behavior',to_timestamp('17-DEC-13 11.55.11.726000000 AM','DD-MON-RR HH.MI.SSXFF AM'),1,9,1,1,1,1234,1);
Insert into ZAZ.BUG (BUGID,BUGPROJECTID,BUGTITLE,BUGSUMMARY,BUGSUBMITTED,BUGREPORTERID,BUGFIXERID,BUGPRIORITY,BUGSEVERITYID,BUGCOMPONENTID,BUGBUILD,BUGSTATUSID) values (81,4,'wpf werrd','werird behavior',to_timestamp('17-DEC-13 11.55.11.727000000 AM','DD-MON-RR HH.MI.SSXFF AM'),3,5,7,5,3,1234,5);
Insert into ZAZ.BUG (BUGID,BUGPROJECTID,BUGTITLE,BUGSUMMARY,BUGSUBMITTED,BUGREPORTERID,BUGFIXERID,BUGPRIORITY,BUGSEVERITYID,BUGCOMPONENTID,BUGBUILD,BUGSTATUSID) values (82,10,'forms werrd','werird behavior',to_timestamp('17-DEC-13 11.55.11.729000000 AM','DD-MON-RR HH.MI.SSXFF AM'),8,3,1,5,3,1234,2);
Insert into ZAZ.BUG (BUGID,BUGPROJECTID,BUGTITLE,BUGSUMMARY,BUGSUBMITTED,BUGREPORTERID,BUGFIXERID,BUGPRIORITY,BUGSEVERITYID,BUGCOMPONENTID,BUGBUILD,BUGSTATUSID) values (83,5,'asp.net werrd','werird behavior',to_timestamp('17-DEC-13 11.55.11.731000000 AM','DD-MON-RR HH.MI.SSXFF AM'),9,7,1,4,3,1234,6);
Insert into ZAZ.BUG (BUGID,BUGPROJECTID,BUGTITLE,BUGSUMMARY,BUGSUBMITTED,BUGREPORTERID,BUGFIXERID,BUGPRIORITY,BUGSEVERITYID,BUGCOMPONENTID,BUGBUILD,BUGSTATUSID) values (84,25,'asp.net werrd','werird behavior',to_timestamp('17-DEC-13 11.55.11.745000000 AM','DD-MON-RR HH.MI.SSXFF AM'),6,6,4,3,2,1234,1);
Insert into ZAZ.BUG (BUGID,BUGPROJECTID,BUGTITLE,BUGSUMMARY,BUGSUBMITTED,BUGREPORTERID,BUGFIXERID,BUGPRIORITY,BUGSEVERITYID,BUGCOMPONENTID,BUGBUILD,BUGSTATUSID) values (85,30,'asp.net werrd','werird behavior',to_timestamp('17-DEC-13 11.55.11.747000000 AM','DD-MON-RR HH.MI.SSXFF AM'),1,10,2,3,3,1234,5);
Insert into ZAZ.BUG (BUGID,BUGPROJECTID,BUGTITLE,BUGSUMMARY,BUGSUBMITTED,BUGREPORTERID,BUGFIXERID,BUGPRIORITY,BUGSEVERITYID,BUGCOMPONENTID,BUGBUILD,BUGSTATUSID) values (86,29,'asp.net werrd','werird behavior',to_timestamp('17-DEC-13 11.55.11.749000000 AM','DD-MON-RR HH.MI.SSXFF AM'),2,9,1,3,3,1234,6);
Insert into ZAZ.BUG (BUGID,BUGPROJECTID,BUGTITLE,BUGSUMMARY,BUGSUBMITTED,BUGREPORTERID,BUGFIXERID,BUGPRIORITY,BUGSEVERITYID,BUGCOMPONENTID,BUGBUILD,BUGSTATUSID) values (87,4,'asp.net werrd','werird behavior',to_timestamp('13-DEC-13 11.55.11.751000000 AM','DD-MON-RR HH.MI.SSXFF AM'),3,8,3,3,3,1234,6);
Insert into ZAZ.BUG (BUGID,BUGPROJECTID,BUGTITLE,BUGSUMMARY,BUGSUBMITTED,BUGREPORTERID,BUGFIXERID,BUGPRIORITY,BUGSEVERITYID,BUGCOMPONENTID,BUGBUILD,BUGSTATUSID) values (88,24,'asp.net werrd','werird behavior',to_timestamp('17-DEC-13 11.55.11.753000000 AM','DD-MON-RR HH.MI.SSXFF AM'),4,8,4,3,3,1234,5);
Insert into ZAZ.BUG (BUGID,BUGPROJECTID,BUGTITLE,BUGSUMMARY,BUGSUBMITTED,BUGREPORTERID,BUGFIXERID,BUGPRIORITY,BUGSEVERITYID,BUGCOMPONENTID,BUGBUILD,BUGSTATUSID) values (89,2,'werrd','werird behavior',to_timestamp('17-DEC-13 11.55.12.234000000 AM','DD-MON-RR HH.MI.SSXFF AM'),1,9,1,1,1,1234,1);
Insert into ZAZ.BUG (BUGID,BUGPROJECTID,BUGTITLE,BUGSUMMARY,BUGSUBMITTED,BUGREPORTERID,BUGFIXERID,BUGPRIORITY,BUGSEVERITYID,BUGCOMPONENTID,BUGBUILD,BUGSTATUSID) values (90,4,'wpf werrd','werird behavior',to_timestamp('17-DEC-13 11.55.12.236000000 AM','DD-MON-RR HH.MI.SSXFF AM'),3,2,7,5,3,1234,5);
Insert into ZAZ.BUG (BUGID,BUGPROJECTID,BUGTITLE,BUGSUMMARY,BUGSUBMITTED,BUGREPORTERID,BUGFIXERID,BUGPRIORITY,BUGSEVERITYID,BUGCOMPONENTID,BUGBUILD,BUGSTATUSID) values (91,10,'forms werrd','werird behavior',to_timestamp('17-DEC-13 11.55.12.239000000 AM','DD-MON-RR HH.MI.SSXFF AM'),8,5,1,5,3,1234,2);
Insert into ZAZ.BUG (BUGID,BUGPROJECTID,BUGTITLE,BUGSUMMARY,BUGSUBMITTED,BUGREPORTERID,BUGFIXERID,BUGPRIORITY,BUGSEVERITYID,BUGCOMPONENTID,BUGBUILD,BUGSTATUSID) values (92,5,'asp.net werrd','werird behavior',to_timestamp('17-DEC-13 11.55.12.241000000 AM','DD-MON-RR HH.MI.SSXFF AM'),9,9,1,4,3,1234,6);
Insert into ZAZ.BUG (BUGID,BUGPROJECTID,BUGTITLE,BUGSUMMARY,BUGSUBMITTED,BUGREPORTERID,BUGFIXERID,BUGPRIORITY,BUGSEVERITYID,BUGCOMPONENTID,BUGBUILD,BUGSTATUSID) values (93,25,'asp.net werrd','werird behavior',to_timestamp('13-DEC-13 11.55.12.255000000 AM','DD-MON-RR HH.MI.SSXFF AM'),6,3,4,3,2,1234,1);
Insert into ZAZ.BUG (BUGID,BUGPROJECTID,BUGTITLE,BUGSUMMARY,BUGSUBMITTED,BUGREPORTERID,BUGFIXERID,BUGPRIORITY,BUGSEVERITYID,BUGCOMPONENTID,BUGBUILD,BUGSTATUSID) values (94,30,'asp.net werrd','werird behavior',to_timestamp('17-JAN-13 11.55.12.257000000 AM','DD-MON-RR HH.MI.SSXFF AM'),1,7,2,3,3,1234,5);
Insert into ZAZ.BUG (BUGID,BUGPROJECTID,BUGTITLE,BUGSUMMARY,BUGSUBMITTED,BUGREPORTERID,BUGFIXERID,BUGPRIORITY,BUGSEVERITYID,BUGCOMPONENTID,BUGBUILD,BUGSTATUSID) values (95,29,'asp.net werrd','werird behavior',to_timestamp('17-DEC-13 11.55.12.259000000 AM','DD-MON-RR HH.MI.SSXFF AM'),2,4,1,3,3,1234,6);
Insert into ZAZ.BUG (BUGID,BUGPROJECTID,BUGTITLE,BUGSUMMARY,BUGSUBMITTED,BUGREPORTERID,BUGFIXERID,BUGPRIORITY,BUGSEVERITYID,BUGCOMPONENTID,BUGBUILD,BUGSTATUSID) values (96,4,'asp.net werrd','werird behavior',to_timestamp('17-DEC-13 11.55.12.261000000 AM','DD-MON-RR HH.MI.SSXFF AM'),3,3,3,3,3,1234,6);
Insert into ZAZ.BUG (BUGID,BUGPROJECTID,BUGTITLE,BUGSUMMARY,BUGSUBMITTED,BUGREPORTERID,BUGFIXERID,BUGPRIORITY,BUGSEVERITYID,BUGCOMPONENTID,BUGBUILD,BUGSTATUSID) values (97,24,'asp.net werrd','werird behavior',to_timestamp('12-DEC-13 11.55.12.263000000 AM','DD-MON-RR HH.MI.SSXFF AM'),4,2,4,3,3,1234,5);
Insert into ZAZ.BUG (BUGID,BUGPROJECTID,BUGTITLE,BUGSUMMARY,BUGSUBMITTED,BUGREPORTERID,BUGFIXERID,BUGPRIORITY,BUGSEVERITYID,BUGCOMPONENTID,BUGBUILD,BUGSTATUSID) values (98,1,'asp.net werrd','werird behavior',to_timestamp('17-DEC-13 11.47.44.820000000 AM','DD-MON-RR HH.MI.SSXFF AM'),1,5,1,1,1,1234,1);
Insert into ZAZ.BUG (BUGID,BUGPROJECTID,BUGTITLE,BUGSUMMARY,BUGSUBMITTED,BUGREPORTERID,BUGFIXERID,BUGPRIORITY,BUGSEVERITYID,BUGCOMPONENTID,BUGBUILD,BUGSTATUSID) values (99,1,'asp.net werrd','werird behavior',to_timestamp('17-DEC-13 11.51.29.844000000 AM','DD-MON-RR HH.MI.SSXFF AM'),1,3,1,1,1,1234,1);
Insert into ZAZ.BUG (BUGID,BUGPROJECTID,BUGTITLE,BUGSUMMARY,BUGSUBMITTED,BUGREPORTERID,BUGFIXERID,BUGPRIORITY,BUGSEVERITYID,BUGCOMPONENTID,BUGBUILD,BUGSTATUSID) values (100,1,'asp.net werrd','werird behavior',to_timestamp('17-DEC-13 11.51.29.849000000 AM','DD-MON-RR HH.MI.SSXFF AM'),3,2,7,5,3,1234,5);
commit;
Insert into ZAZ.BUG (BUGID,BUGPROJECTID,BUGTITLE,BUGSUMMARY,BUGSUBMITTED,BUGREPORTERID,BUGFIXERID,BUGPRIORITY,BUGSEVERITYID,BUGCOMPONENTID,BUGBUILD,BUGSTATUSID) values (101,1,'asp.net werrd','werird behavior',to_timestamp('17-DEC-13 11.51.29.910000000 AM','DD-MON-RR HH.MI.SSXFF AM'),6,4,4,3,2,1234,1);
Insert into ZAZ.BUG (BUGID,BUGPROJECTID,BUGTITLE,BUGSUMMARY,BUGSUBMITTED,BUGREPORTERID,BUGFIXERID,BUGPRIORITY,BUGSEVERITYID,BUGCOMPONENTID,BUGBUILD,BUGSTATUSID) values (102,1,'asp.net werrd','werird behavior',to_timestamp('17-DEC-13 11.51.29.956000000 AM','DD-MON-RR HH.MI.SSXFF AM'),4,5,4,3,3,1234,5);
Insert into ZAZ.BUG (BUGID,BUGPROJECTID,BUGTITLE,BUGSUMMARY,BUGSUBMITTED,BUGREPORTERID,BUGFIXERID,BUGPRIORITY,BUGSEVERITYID,BUGCOMPONENTID,BUGBUILD,BUGSTATUSID) values (103,1,'asp.net werrd','werird behavior',to_timestamp('17-DEC-13 11.52.07.269000000 AM','DD-MON-RR HH.MI.SSXFF AM'),8,9,1,5,3,1234,2);
Insert into ZAZ.BUG (BUGID,BUGPROJECTID,BUGTITLE,BUGSUMMARY,BUGSUBMITTED,BUGREPORTERID,BUGFIXERID,BUGPRIORITY,BUGSEVERITYID,BUGCOMPONENTID,BUGBUILD,BUGSTATUSID) values (104,1,'asp.net werrd','werird behavior',to_timestamp('17-DEC-13 11.52.25.808000000 AM','DD-MON-RR HH.MI.SSXFF AM'),9,10,1,4,3,1234,6);
Insert into ZAZ.BUG (BUGID,BUGPROJECTID,BUGTITLE,BUGSUMMARY,BUGSUBMITTED,BUGREPORTERID,BUGFIXERID,BUGPRIORITY,BUGSEVERITYID,BUGCOMPONENTID,BUGBUILD,BUGSTATUSID) values (105,1,'asp.net werrd','werird behavior',to_timestamp('17-DEC-13 11.52.51.236000000 AM','DD-MON-RR HH.MI.SSXFF AM'),1,3,1,1,1,1234,1);
Insert into ZAZ.BUG (BUGID,BUGPROJECTID,BUGTITLE,BUGSUMMARY,BUGSUBMITTED,BUGREPORTERID,BUGFIXERID,BUGPRIORITY,BUGSEVERITYID,BUGCOMPONENTID,BUGBUILD,BUGSTATUSID) values (106,1,'asp.net werrd','werird behavior',to_timestamp('17-DEC-13 11.52.51.240000000 AM','DD-MON-RR HH.MI.SSXFF AM'),3,2,7,5,3,1234,5);
Insert into ZAZ.BUG (BUGID,BUGPROJECTID,BUGTITLE,BUGSUMMARY,BUGSUBMITTED,BUGREPORTERID,BUGFIXERID,BUGPRIORITY,BUGSEVERITYID,BUGCOMPONENTID,BUGBUILD,BUGSTATUSID) values (107,1,'asp.net werrd','werird behavior',to_timestamp('17-DEC-13 11.52.51.243000000 AM','DD-MON-RR HH.MI.SSXFF AM'),8,3,1,5,3,1234,2);
Insert into ZAZ.BUG (BUGID,BUGPROJECTID,BUGTITLE,BUGSUMMARY,BUGSUBMITTED,BUGREPORTERID,BUGFIXERID,BUGPRIORITY,BUGSEVERITYID,BUGCOMPONENTID,BUGBUILD,BUGSTATUSID) values (108,1,'asp.net werrd','werird behavior',to_timestamp('17-DEC-13 11.52.51.245000000 AM','DD-MON-RR HH.MI.SSXFF AM'),9,7,1,4,3,1234,6);
Insert into ZAZ.BUG (BUGID,BUGPROJECTID,BUGTITLE,BUGSUMMARY,BUGSUBMITTED,BUGREPORTERID,BUGFIXERID,BUGPRIORITY,BUGSEVERITYID,BUGCOMPONENTID,BUGBUILD,BUGSTATUSID) values (109,1,'asp.net werrd','werird behavior',to_timestamp('17-DEC-13 11.52.51.265000000 AM','DD-MON-RR HH.MI.SSXFF AM'),6,2,4,3,2,1234,1);
Insert into ZAZ.BUG (BUGID,BUGPROJECTID,BUGTITLE,BUGSUMMARY,BUGSUBMITTED,BUGREPORTERID,BUGFIXERID,BUGPRIORITY,BUGSEVERITYID,BUGCOMPONENTID,BUGBUILD,BUGSTATUSID) values (110,1,'asp.net werrd','werird behavior',to_timestamp('17-DEC-13 11.52.51.269000000 AM','DD-MON-RR HH.MI.SSXFF AM'),1,9,2,3,3,1234,5);
Insert into ZAZ.BUG (BUGID,BUGPROJECTID,BUGTITLE,BUGSUMMARY,BUGSUBMITTED,BUGREPORTERID,BUGFIXERID,BUGPRIORITY,BUGSEVERITYID,BUGCOMPONENTID,BUGBUILD,BUGSTATUSID) values (111,1,'asp.net werrd','werird behavior',to_timestamp('17-DEC-13 11.52.51.272000000 AM','DD-MON-RR HH.MI.SSXFF AM'),2,6,1,3,3,1234,6);
Insert into ZAZ.BUG (BUGID,BUGPROJECTID,BUGTITLE,BUGSUMMARY,BUGSUBMITTED,BUGREPORTERID,BUGFIXERID,BUGPRIORITY,BUGSEVERITYID,BUGCOMPONENTID,BUGBUILD,BUGSTATUSID) values (112,1,'asp.net werrd','werird behavior',to_timestamp('17-DEC-13 11.52.51.276000000 AM','DD-MON-RR HH.MI.SSXFF AM'),3,8,3,3,3,1234,6);
Insert into ZAZ.BUG (BUGID,BUGPROJECTID,BUGTITLE,BUGSUMMARY,BUGSUBMITTED,BUGREPORTERID,BUGFIXERID,BUGPRIORITY,BUGSEVERITYID,BUGCOMPONENTID,BUGBUILD,BUGSTATUSID) values (113,1,'asp.net werrd','werird behavior',to_timestamp('17-DEC-13 11.52.51.278000000 AM','DD-MON-RR HH.MI.SSXFF AM'),4,9,4,3,3,1234,5);
Insert into ZAZ.BUG (BUGID,BUGPROJECTID,BUGTITLE,BUGSUMMARY,BUGSUBMITTED,BUGREPORTERID,BUGFIXERID,BUGPRIORITY,BUGSEVERITYID,BUGCOMPONENTID,BUGBUILD,BUGSTATUSID) values (114,1,'asp.net werrd','werird behavior',to_timestamp('17-DEC-13 11.52.58.993000000 AM','DD-MON-RR HH.MI.SSXFF AM'),1,9,1,1,1,1234,1);
Insert into ZAZ.BUG (BUGID,BUGPROJECTID,BUGTITLE,BUGSUMMARY,BUGSUBMITTED,BUGREPORTERID,BUGFIXERID,BUGPRIORITY,BUGSEVERITYID,BUGCOMPONENTID,BUGBUILD,BUGSTATUSID) values (115,1,'asp.net werrd','werird behavior',to_timestamp('17-DEC-13 11.52.58.997000000 AM','DD-MON-RR HH.MI.SSXFF AM'),3,3,7,5,3,1234,5);
Insert into ZAZ.BUG (BUGID,BUGPROJECTID,BUGTITLE,BUGSUMMARY,BUGSUBMITTED,BUGREPORTERID,BUGFIXERID,BUGPRIORITY,BUGSEVERITYID,BUGCOMPONENTID,BUGBUILD,BUGSTATUSID) values (116,1,'asp.net werrd','werird behavior',to_timestamp('17-DEC-13 11.52.59.001000000 AM','DD-MON-RR HH.MI.SSXFF AM'),8,8,1,5,3,1234,2);
Insert into ZAZ.BUG (BUGID,BUGPROJECTID,BUGTITLE,BUGSUMMARY,BUGSUBMITTED,BUGREPORTERID,BUGFIXERID,BUGPRIORITY,BUGSEVERITYID,BUGCOMPONENTID,BUGBUILD,BUGSTATUSID) values (117,1,'asp.net werrd','werird behavior',to_timestamp('17-DEC-13 11.52.59.005000000 AM','DD-MON-RR HH.MI.SSXFF AM'),9,2,1,4,3,1234,6);
Insert into ZAZ.BUG (BUGID,BUGPROJECTID,BUGTITLE,BUGSUMMARY,BUGSUBMITTED,BUGREPORTERID,BUGFIXERID,BUGPRIORITY,BUGSEVERITYID,BUGCOMPONENTID,BUGBUILD,BUGSTATUSID) values (118,1,'asp.net werrd','werird behavior',to_timestamp('17-DEC-13 11.52.59.021000000 AM','DD-MON-RR HH.MI.SSXFF AM'),6,2,4,3,2,1234,1);
Insert into ZAZ.BUG (BUGID,BUGPROJECTID,BUGTITLE,BUGSUMMARY,BUGSUBMITTED,BUGREPORTERID,BUGFIXERID,BUGPRIORITY,BUGSEVERITYID,BUGCOMPONENTID,BUGBUILD,BUGSTATUSID) values (119,1,'asp.net werrd','werird behavior',to_timestamp('17-DEC-13 11.52.59.023000000 AM','DD-MON-RR HH.MI.SSXFF AM'),1,5,2,3,3,1234,5);
Insert into ZAZ.BUG (BUGID,BUGPROJECTID,BUGTITLE,BUGSUMMARY,BUGSUBMITTED,BUGREPORTERID,BUGFIXERID,BUGPRIORITY,BUGSEVERITYID,BUGCOMPONENTID,BUGBUILD,BUGSTATUSID) values (120,1,'asp.net werrd','werird behavior',to_timestamp('17-DEC-13 11.52.59.026000000 AM','DD-MON-RR HH.MI.SSXFF AM'),2,6,1,3,3,1234,6);
Insert into ZAZ.BUG (BUGID,BUGPROJECTID,BUGTITLE,BUGSUMMARY,BUGSUBMITTED,BUGREPORTERID,BUGFIXERID,BUGPRIORITY,BUGSEVERITYID,BUGCOMPONENTID,BUGBUILD,BUGSTATUSID) values (121,1,'asp.net werrd','werird behavior',to_timestamp('17-DEC-13 11.52.59.028000000 AM','DD-MON-RR HH.MI.SSXFF AM'),3,9,3,3,3,1234,6);
Insert into ZAZ.BUG (BUGID,BUGPROJECTID,BUGTITLE,BUGSUMMARY,BUGSUBMITTED,BUGREPORTERID,BUGFIXERID,BUGPRIORITY,BUGSEVERITYID,BUGCOMPONENTID,BUGBUILD,BUGSTATUSID) values (122,1,'asp.net werrd','werird behavior',to_timestamp('17-DEC-13 11.52.59.031000000 AM','DD-MON-RR HH.MI.SSXFF AM'),4,8,4,3,3,1234,5);
Insert into ZAZ.BUG (BUGID,BUGPROJECTID,BUGTITLE,BUGSUMMARY,BUGSUBMITTED,BUGREPORTERID,BUGFIXERID,BUGPRIORITY,BUGSEVERITYID,BUGCOMPONENTID,BUGBUILD,BUGSTATUSID) values (123,1,'werrd','werird behavior',to_timestamp('17-DEC-13 11.53.46.053000000 AM','DD-MON-RR HH.MI.SSXFF AM'),1,9,1,1,1,1234,1);
Insert into ZAZ.BUG (BUGID,BUGPROJECTID,BUGTITLE,BUGSUMMARY,BUGSUBMITTED,BUGREPORTERID,BUGFIXERID,BUGPRIORITY,BUGSEVERITYID,BUGCOMPONENTID,BUGBUILD,BUGSTATUSID) values (124,1,'wpf werrd','werird behavior',to_timestamp('17-DEC-13 11.53.46.060000000 AM','DD-MON-RR HH.MI.SSXFF AM'),3,9,7,5,3,1234,5);
Insert into ZAZ.BUG (BUGID,BUGPROJECTID,BUGTITLE,BUGSUMMARY,BUGSUBMITTED,BUGREPORTERID,BUGFIXERID,BUGPRIORITY,BUGSEVERITYID,BUGCOMPONENTID,BUGBUILD,BUGSTATUSID) values (125,1,'forms werrd','werird behavior',to_timestamp('17-DEC-13 11.53.46.067000000 AM','DD-MON-RR HH.MI.SSXFF AM'),8,7,1,5,3,1234,2);
Insert into ZAZ.BUG (BUGID,BUGPROJECTID,BUGTITLE,BUGSUMMARY,BUGSUBMITTED,BUGREPORTERID,BUGFIXERID,BUGPRIORITY,BUGSEVERITYID,BUGCOMPONENTID,BUGBUILD,BUGSTATUSID) values (126,1,'asp.net werrd','werird behavior',to_timestamp('17-DEC-13 11.53.46.071000000 AM','DD-MON-RR HH.MI.SSXFF AM'),9,9,1,4,3,1234,6);
Insert into ZAZ.BUG (BUGID,BUGPROJECTID,BUGTITLE,BUGSUMMARY,BUGSUBMITTED,BUGREPORTERID,BUGFIXERID,BUGPRIORITY,BUGSEVERITYID,BUGCOMPONENTID,BUGBUILD,BUGSTATUSID) values (127,1,'asp.net werrd','werird behavior',to_timestamp('17-DEC-13 11.53.46.087000000 AM','DD-MON-RR HH.MI.SSXFF AM'),6,9,4,3,2,1234,1);
Insert into ZAZ.BUG (BUGID,BUGPROJECTID,BUGTITLE,BUGSUMMARY,BUGSUBMITTED,BUGREPORTERID,BUGFIXERID,BUGPRIORITY,BUGSEVERITYID,BUGCOMPONENTID,BUGBUILD,BUGSTATUSID) values (128,1,'asp.net werrd','werird behavior',to_timestamp('17-DEC-13 11.53.46.089000000 AM','DD-MON-RR HH.MI.SSXFF AM'),1,7,2,3,3,1234,5);
Insert into ZAZ.BUG (BUGID,BUGPROJECTID,BUGTITLE,BUGSUMMARY,BUGSUBMITTED,BUGREPORTERID,BUGFIXERID,BUGPRIORITY,BUGSEVERITYID,BUGCOMPONENTID,BUGBUILD,BUGSTATUSID) values (129,1,'asp.net werrd','werird behavior',to_timestamp('17-DEC-13 11.53.46.091000000 AM','DD-MON-RR HH.MI.SSXFF AM'),2,2,1,3,3,1234,6);
Insert into ZAZ.BUG (BUGID,BUGPROJECTID,BUGTITLE,BUGSUMMARY,BUGSUBMITTED,BUGREPORTERID,BUGFIXERID,BUGPRIORITY,BUGSEVERITYID,BUGCOMPONENTID,BUGBUILD,BUGSTATUSID) values (130,1,'asp.net werrd','werird behavior',to_timestamp('17-DEC-13 11.53.46.093000000 AM','DD-MON-RR HH.MI.SSXFF AM'),3,9,3,3,3,1234,6);
Insert into ZAZ.BUG (BUGID,BUGPROJECTID,BUGTITLE,BUGSUMMARY,BUGSUBMITTED,BUGREPORTERID,BUGFIXERID,BUGPRIORITY,BUGSEVERITYID,BUGCOMPONENTID,BUGBUILD,BUGSTATUSID) values (131,1,'asp.net werrd','werird behavior',to_timestamp('17-DEC-13 11.53.46.095000000 AM','DD-MON-RR HH.MI.SSXFF AM'),4,5,4,3,3,1234,5);
Insert into ZAZ.BUG (BUGID,BUGPROJECTID,BUGTITLE,BUGSUMMARY,BUGSUBMITTED,BUGREPORTERID,BUGFIXERID,BUGPRIORITY,BUGSEVERITYID,BUGCOMPONENTID,BUGBUILD,BUGSTATUSID) values (132,2,'werrd','werird behavior',to_timestamp('17-DEC-13 11.54.49.818000000 AM','DD-MON-RR HH.MI.SSXFF AM'),1,8,1,1,1,1234,1);
Insert into ZAZ.BUG (BUGID,BUGPROJECTID,BUGTITLE,BUGSUMMARY,BUGSUBMITTED,BUGREPORTERID,BUGFIXERID,BUGPRIORITY,BUGSEVERITYID,BUGCOMPONENTID,BUGBUILD,BUGSTATUSID) values (133,4,'wpf werrd','werird behavior',to_timestamp('17-DEC-13 11.54.49.822000000 AM','DD-MON-RR HH.MI.SSXFF AM'),3,2,7,5,3,1234,5);
Insert into ZAZ.BUG (BUGID,BUGPROJECTID,BUGTITLE,BUGSUMMARY,BUGSUBMITTED,BUGREPORTERID,BUGFIXERID,BUGPRIORITY,BUGSEVERITYID,BUGCOMPONENTID,BUGBUILD,BUGSTATUSID) values (134,10,'forms werrd','werird behavior',to_timestamp('17-DEC-13 11.54.49.824000000 AM','DD-MON-RR HH.MI.SSXFF AM'),8,6,1,5,3,1234,2);
Insert into ZAZ.BUG (BUGID,BUGPROJECTID,BUGTITLE,BUGSUMMARY,BUGSUBMITTED,BUGREPORTERID,BUGFIXERID,BUGPRIORITY,BUGSEVERITYID,BUGCOMPONENTID,BUGBUILD,BUGSTATUSID) values (135,5,'asp.net werrd','werird behavior',to_timestamp('17-DEC-13 11.54.49.828000000 AM','DD-MON-RR HH.MI.SSXFF AM'),9,9,1,4,3,1234,6);
Insert into ZAZ.BUG (BUGID,BUGPROJECTID,BUGTITLE,BUGSUMMARY,BUGSUBMITTED,BUGREPORTERID,BUGFIXERID,BUGPRIORITY,BUGSEVERITYID,BUGCOMPONENTID,BUGBUILD,BUGSTATUSID) values (136,25,'asp.net werrd','werird behavior',to_timestamp('17-DEC-13 11.54.49.877000000 AM','DD-MON-RR HH.MI.SSXFF AM'),6,7,4,3,2,1234,1);
Insert into ZAZ.BUG (BUGID,BUGPROJECTID,BUGTITLE,BUGSUMMARY,BUGSUBMITTED,BUGREPORTERID,BUGFIXERID,BUGPRIORITY,BUGSEVERITYID,BUGCOMPONENTID,BUGBUILD,BUGSTATUSID) values (137,30,'asp.net werrd','werird behavior',to_timestamp('17-DEC-13 11.54.49.880000000 AM','DD-MON-RR HH.MI.SSXFF AM'),1,4,2,3,3,1234,5);
Insert into ZAZ.BUG (BUGID,BUGPROJECTID,BUGTITLE,BUGSUMMARY,BUGSUBMITTED,BUGREPORTERID,BUGFIXERID,BUGPRIORITY,BUGSEVERITYID,BUGCOMPONENTID,BUGBUILD,BUGSTATUSID) values (138,29,'asp.net werrd','werird behavior',to_timestamp('17-DEC-13 11.54.49.884000000 AM','DD-MON-RR HH.MI.SSXFF AM'),2,10,1,3,3,1234,6);
Insert into ZAZ.BUG (BUGID,BUGPROJECTID,BUGTITLE,BUGSUMMARY,BUGSUBMITTED,BUGREPORTERID,BUGFIXERID,BUGPRIORITY,BUGSEVERITYID,BUGCOMPONENTID,BUGBUILD,BUGSTATUSID) values (139,4,'asp.net werrd','werird behavior',to_timestamp('17-DEC-13 11.54.49.887000000 AM','DD-MON-RR HH.MI.SSXFF AM'),3,3,3,3,3,1234,6);
Insert into ZAZ.BUG (BUGID,BUGPROJECTID,BUGTITLE,BUGSUMMARY,BUGSUBMITTED,BUGREPORTERID,BUGFIXERID,BUGPRIORITY,BUGSEVERITYID,BUGCOMPONENTID,BUGBUILD,BUGSTATUSID) values (140,7,'asp.net werrd','werird behavior',to_timestamp('17-DEC-13 11.54.49.891000000 AM','DD-MON-RR HH.MI.SSXFF AM'),4,2,4,3,3,1234,5);
Insert into ZAZ.BUG (BUGID,BUGPROJECTID,BUGTITLE,BUGSUMMARY,BUGSUBMITTED,BUGREPORTERID,BUGFIXERID,BUGPRIORITY,BUGSEVERITYID,BUGCOMPONENTID,BUGBUILD,BUGSTATUSID) values (141,2,'werrd','werird behavior',to_timestamp('17-DEC-13 11.55.09.557000000 AM','DD-MON-RR HH.MI.SSXFF AM'),1,8,1,1,1,1234,1);
Insert into ZAZ.BUG (BUGID,BUGPROJECTID,BUGTITLE,BUGSUMMARY,BUGSUBMITTED,BUGREPORTERID,BUGFIXERID,BUGPRIORITY,BUGSEVERITYID,BUGCOMPONENTID,BUGBUILD,BUGSTATUSID) values (142,4,'wpf werrd','werird behavior',to_timestamp('17-DEC-13 11.55.09.562000000 AM','DD-MON-RR HH.MI.SSXFF AM'),3,4,7,5,3,1234,5);
Insert into ZAZ.BUG (BUGID,BUGPROJECTID,BUGTITLE,BUGSUMMARY,BUGSUBMITTED,BUGREPORTERID,BUGFIXERID,BUGPRIORITY,BUGSEVERITYID,BUGCOMPONENTID,BUGBUILD,BUGSTATUSID) values (143,10,'forms werrd','werird behavior',to_timestamp('17-DEC-13 11.55.09.566000000 AM','DD-MON-RR HH.MI.SSXFF AM'),8,6,1,5,3,1234,2);
Insert into ZAZ.BUG (BUGID,BUGPROJECTID,BUGTITLE,BUGSUMMARY,BUGSUBMITTED,BUGREPORTERID,BUGFIXERID,BUGPRIORITY,BUGSEVERITYID,BUGCOMPONENTID,BUGBUILD,BUGSTATUSID) values (144,5,'asp.net werrd','werird behavior',to_timestamp('17-DEC-13 11.55.09.569000000 AM','DD-MON-RR HH.MI.SSXFF AM'),9,8,1,4,3,1234,6);
Insert into ZAZ.BUG (BUGID,BUGPROJECTID,BUGTITLE,BUGSUMMARY,BUGSUBMITTED,BUGREPORTERID,BUGFIXERID,BUGPRIORITY,BUGSEVERITYID,BUGCOMPONENTID,BUGBUILD,BUGSTATUSID) values (145,25,'asp.net werrd','werird behavior',to_timestamp('17-DEC-13 11.55.09.585000000 AM','DD-MON-RR HH.MI.SSXFF AM'),6,10,4,3,2,1234,1);
Insert into ZAZ.BUG (BUGID,BUGPROJECTID,BUGTITLE,BUGSUMMARY,BUGSUBMITTED,BUGREPORTERID,BUGFIXERID,BUGPRIORITY,BUGSEVERITYID,BUGCOMPONENTID,BUGBUILD,BUGSTATUSID) values (146,30,'asp.net werrd','werird behavior',to_timestamp('17-DEC-13 11.55.09.587000000 AM','DD-MON-RR HH.MI.SSXFF AM'),1,7,2,3,3,1234,5);
Insert into ZAZ.BUG (BUGID,BUGPROJECTID,BUGTITLE,BUGSUMMARY,BUGSUBMITTED,BUGREPORTERID,BUGFIXERID,BUGPRIORITY,BUGSEVERITYID,BUGCOMPONENTID,BUGBUILD,BUGSTATUSID) values (147,29,'asp.net werrd','werird behavior',to_timestamp('17-DEC-13 11.55.09.589000000 AM','DD-MON-RR HH.MI.SSXFF AM'),2,7,1,3,3,1234,6);
Insert into ZAZ.BUG (BUGID,BUGPROJECTID,BUGTITLE,BUGSUMMARY,BUGSUBMITTED,BUGREPORTERID,BUGFIXERID,BUGPRIORITY,BUGSEVERITYID,BUGCOMPONENTID,BUGBUILD,BUGSTATUSID) values (148,4,'asp.net werrd','werird behavior',to_timestamp('17-DEC-13 11.55.09.591000000 AM','DD-MON-RR HH.MI.SSXFF AM'),3,4,3,3,3,1234,6);
Insert into ZAZ.BUG (BUGID,BUGPROJECTID,BUGTITLE,BUGSUMMARY,BUGSUBMITTED,BUGREPORTERID,BUGFIXERID,BUGPRIORITY,BUGSEVERITYID,BUGCOMPONENTID,BUGBUILD,BUGSTATUSID) values (149,24,'asp.net werrd','werird behavior',to_timestamp('17-DEC-13 11.55.09.594000000 AM','DD-MON-RR HH.MI.SSXFF AM'),4,8,4,3,3,1234,5);
Insert into ZAZ.BUG (BUGID,BUGPROJECTID,BUGTITLE,BUGSUMMARY,BUGSUBMITTED,BUGREPORTERID,BUGFIXERID,BUGPRIORITY,BUGSEVERITYID,BUGCOMPONENTID,BUGBUILD,BUGSTATUSID) values (150,2,'werrd','werird behavior',to_timestamp('17-DEC-13 11.55.10.135000000 AM','DD-MON-RR HH.MI.SSXFF AM'),1,8,1,1,1,1234,1);
Insert into ZAZ.BUG (BUGID,BUGPROJECTID,BUGTITLE,BUGSUMMARY,BUGSUBMITTED,BUGREPORTERID,BUGFIXERID,BUGPRIORITY,BUGSEVERITYID,BUGCOMPONENTID,BUGBUILD,BUGSTATUSID) values (151,4,'wpf werrd','werird behavior',to_timestamp('17-DEC-13 11.55.10.137000000 AM','DD-MON-RR HH.MI.SSXFF AM'),3,8,7,5,3,1234,5);
Insert into ZAZ.BUG (BUGID,BUGPROJECTID,BUGTITLE,BUGSUMMARY,BUGSUBMITTED,BUGREPORTERID,BUGFIXERID,BUGPRIORITY,BUGSEVERITYID,BUGCOMPONENTID,BUGBUILD,BUGSTATUSID) values (152,10,'forms werrd','werird behavior',to_timestamp('17-DEC-13 11.55.10.138000000 AM','DD-MON-RR HH.MI.SSXFF AM'),8,2,1,5,3,1234,2);
Insert into ZAZ.BUG (BUGID,BUGPROJECTID,BUGTITLE,BUGSUMMARY,BUGSUBMITTED,BUGREPORTERID,BUGFIXERID,BUGPRIORITY,BUGSEVERITYID,BUGCOMPONENTID,BUGBUILD,BUGSTATUSID) values (153,5,'asp.net werrd','werird behavior',to_timestamp('17-DEC-13 11.55.10.140000000 AM','DD-MON-RR HH.MI.SSXFF AM'),9,3,1,4,3,1234,6);
Insert into ZAZ.BUG (BUGID,BUGPROJECTID,BUGTITLE,BUGSUMMARY,BUGSUBMITTED,BUGREPORTERID,BUGFIXERID,BUGPRIORITY,BUGSEVERITYID,BUGCOMPONENTID,BUGBUILD,BUGSTATUSID) values (154,25,'asp.net werrd','werird behavior',to_timestamp('17-DEC-13 11.55.10.152000000 AM','DD-MON-RR HH.MI.SSXFF AM'),6,2,4,3,2,1234,1);
Insert into ZAZ.BUG (BUGID,BUGPROJECTID,BUGTITLE,BUGSUMMARY,BUGSUBMITTED,BUGREPORTERID,BUGFIXERID,BUGPRIORITY,BUGSEVERITYID,BUGCOMPONENTID,BUGBUILD,BUGSTATUSID) values (155,30,'asp.net werrd','werird behavior',to_timestamp('17-DEC-13 11.55.10.154000000 AM','DD-MON-RR HH.MI.SSXFF AM'),1,1,2,3,3,1234,5);
Insert into ZAZ.BUG (BUGID,BUGPROJECTID,BUGTITLE,BUGSUMMARY,BUGSUBMITTED,BUGREPORTERID,BUGFIXERID,BUGPRIORITY,BUGSEVERITYID,BUGCOMPONENTID,BUGBUILD,BUGSTATUSID) values (156,29,'asp.net werrd','werird behavior',to_timestamp('17-DEC-13 11.55.10.156000000 AM','DD-MON-RR HH.MI.SSXFF AM'),2,9,1,3,3,1234,6);
Insert into ZAZ.BUG (BUGID,BUGPROJECTID,BUGTITLE,BUGSUMMARY,BUGSUBMITTED,BUGREPORTERID,BUGFIXERID,BUGPRIORITY,BUGSEVERITYID,BUGCOMPONENTID,BUGBUILD,BUGSTATUSID) values (157,4,'asp.net werrd','werird behavior',to_timestamp('17-DEC-13 11.55.10.158000000 AM','DD-MON-RR HH.MI.SSXFF AM'),3,4,3,3,3,1234,6);
Insert into ZAZ.BUG (BUGID,BUGPROJECTID,BUGTITLE,BUGSUMMARY,BUGSUBMITTED,BUGREPORTERID,BUGFIXERID,BUGPRIORITY,BUGSEVERITYID,BUGCOMPONENTID,BUGBUILD,BUGSTATUSID) values (158,24,'asp.net werrd','werird behavior',to_timestamp('17-DEC-13 11.55.10.160000000 AM','DD-MON-RR HH.MI.SSXFF AM'),4,8,4,3,3,1234,5);
Insert into ZAZ.BUG (BUGID,BUGPROJECTID,BUGTITLE,BUGSUMMARY,BUGSUBMITTED,BUGREPORTERID,BUGFIXERID,BUGPRIORITY,BUGSEVERITYID,BUGCOMPONENTID,BUGBUILD,BUGSTATUSID) values (159,2,'werrd','werird behavior',to_timestamp('17-DEC-13 11.55.10.663000000 AM','DD-MON-RR HH.MI.SSXFF AM'),1,6,1,1,1,1234,1);
Insert into ZAZ.BUG (BUGID,BUGPROJECTID,BUGTITLE,BUGSUMMARY,BUGSUBMITTED,BUGREPORTERID,BUGFIXERID,BUGPRIORITY,BUGSEVERITYID,BUGCOMPONENTID,BUGBUILD,BUGSTATUSID) values (160,4,'wpf werrd','werird behavior',to_timestamp('17-DEC-13 11.55.10.665000000 AM','DD-MON-RR HH.MI.SSXFF AM'),3,4,7,5,3,1234,5);
Insert into ZAZ.BUG (BUGID,BUGPROJECTID,BUGTITLE,BUGSUMMARY,BUGSUBMITTED,BUGREPORTERID,BUGFIXERID,BUGPRIORITY,BUGSEVERITYID,BUGCOMPONENTID,BUGBUILD,BUGSTATUSID) values (161,10,'forms werrd','werird behavior',to_timestamp('17-DEC-13 11.55.10.666000000 AM','DD-MON-RR HH.MI.SSXFF AM'),8,1,1,5,3,1234,2);
Insert into ZAZ.BUG (BUGID,BUGPROJECTID,BUGTITLE,BUGSUMMARY,BUGSUBMITTED,BUGREPORTERID,BUGFIXERID,BUGPRIORITY,BUGSEVERITYID,BUGCOMPONENTID,BUGBUILD,BUGSTATUSID) values (162,5,'asp.net werrd','werird behavior',to_timestamp('17-DEC-13 11.55.10.669000000 AM','DD-MON-RR HH.MI.SSXFF AM'),9,7,1,4,3,1234,6);
Insert into ZAZ.BUG (BUGID,BUGPROJECTID,BUGTITLE,BUGSUMMARY,BUGSUBMITTED,BUGREPORTERID,BUGFIXERID,BUGPRIORITY,BUGSEVERITYID,BUGCOMPONENTID,BUGBUILD,BUGSTATUSID) values (163,25,'asp.net werrd','werird behavior',to_timestamp('17-DEC-13 11.55.10.682000000 AM','DD-MON-RR HH.MI.SSXFF AM'),6,5,4,3,2,1234,1);
Insert into ZAZ.BUG (BUGID,BUGPROJECTID,BUGTITLE,BUGSUMMARY,BUGSUBMITTED,BUGREPORTERID,BUGFIXERID,BUGPRIORITY,BUGSEVERITYID,BUGCOMPONENTID,BUGBUILD,BUGSTATUSID) values (164,30,'asp.net werrd','werird behavior',to_timestamp('17-DEC-13 11.55.10.684000000 AM','DD-MON-RR HH.MI.SSXFF AM'),1,4,2,3,3,1234,5);
Insert into ZAZ.BUG (BUGID,BUGPROJECTID,BUGTITLE,BUGSUMMARY,BUGSUBMITTED,BUGREPORTERID,BUGFIXERID,BUGPRIORITY,BUGSEVERITYID,BUGCOMPONENTID,BUGBUILD,BUGSTATUSID) values (165,29,'asp.net werrd','werird behavior',to_timestamp('17-DEC-13 11.55.10.685000000 AM','DD-MON-RR HH.MI.SSXFF AM'),2,6,1,3,3,1234,6);
Insert into ZAZ.BUG (BUGID,BUGPROJECTID,BUGTITLE,BUGSUMMARY,BUGSUBMITTED,BUGREPORTERID,BUGFIXERID,BUGPRIORITY,BUGSEVERITYID,BUGCOMPONENTID,BUGBUILD,BUGSTATUSID) values (166,4,'asp.net werrd','werird behavior',to_timestamp('17-DEC-13 11.55.10.687000000 AM','DD-MON-RR HH.MI.SSXFF AM'),3,5,3,3,3,1234,6);
Insert into ZAZ.BUG (BUGID,BUGPROJECTID,BUGTITLE,BUGSUMMARY,BUGSUBMITTED,BUGREPORTERID,BUGFIXERID,BUGPRIORITY,BUGSEVERITYID,BUGCOMPONENTID,BUGBUILD,BUGSTATUSID) values (167,24,'asp.net werrd','werird behavior',to_timestamp('17-DEC-13 11.55.10.689000000 AM','DD-MON-RR HH.MI.SSXFF AM'),4,4,4,3,3,1234,5);
Insert into ZAZ.BUG (BUGID,BUGPROJECTID,BUGTITLE,BUGSUMMARY,BUGSUBMITTED,BUGREPORTERID,BUGFIXERID,BUGPRIORITY,BUGSEVERITYID,BUGCOMPONENTID,BUGBUILD,BUGSTATUSID) values (168,2,'werrd','werird behavior',to_timestamp('17-DEC-13 11.55.11.222000000 AM','DD-MON-RR HH.MI.SSXFF AM'),1,3,1,1,1,1234,1);
Insert into ZAZ.BUG (BUGID,BUGPROJECTID,BUGTITLE,BUGSUMMARY,BUGSUBMITTED,BUGREPORTERID,BUGFIXERID,BUGPRIORITY,BUGSEVERITYID,BUGCOMPONENTID,BUGBUILD,BUGSTATUSID) values (169,4,'wpf werrd','werird behavior',to_timestamp('17-DEC-13 11.55.11.225000000 AM','DD-MON-RR HH.MI.SSXFF AM'),3,8,7,5,3,1234,5);
Insert into ZAZ.BUG (BUGID,BUGPROJECTID,BUGTITLE,BUGSUMMARY,BUGSUBMITTED,BUGREPORTERID,BUGFIXERID,BUGPRIORITY,BUGSEVERITYID,BUGCOMPONENTID,BUGBUILD,BUGSTATUSID) values (170,10,'forms werrd','werird behavior',to_timestamp('17-DEC-13 11.55.11.227000000 AM','DD-MON-RR HH.MI.SSXFF AM'),8,5,1,5,3,1234,2);
Insert into ZAZ.BUG (BUGID,BUGPROJECTID,BUGTITLE,BUGSUMMARY,BUGSUBMITTED,BUGREPORTERID,BUGFIXERID,BUGPRIORITY,BUGSEVERITYID,BUGCOMPONENTID,BUGBUILD,BUGSTATUSID) values (171,5,'asp.net werrd','werird behavior',to_timestamp('17-DEC-13 11.55.11.228000000 AM','DD-MON-RR HH.MI.SSXFF AM'),9,9,1,4,3,1234,6);
Insert into ZAZ.BUG (BUGID,BUGPROJECTID,BUGTITLE,BUGSUMMARY,BUGSUBMITTED,BUGREPORTERID,BUGFIXERID,BUGPRIORITY,BUGSEVERITYID,BUGCOMPONENTID,BUGBUILD,BUGSTATUSID) values (172,25,'asp.net werrd','werird behavior',to_timestamp('17-DEC-13 11.55.11.242000000 AM','DD-MON-RR HH.MI.SSXFF AM'),6,9,4,3,2,1234,1);
Insert into ZAZ.BUG (BUGID,BUGPROJECTID,BUGTITLE,BUGSUMMARY,BUGSUBMITTED,BUGREPORTERID,BUGFIXERID,BUGPRIORITY,BUGSEVERITYID,BUGCOMPONENTID,BUGBUILD,BUGSTATUSID) values (173,30,'asp.net werrd','werird behavior',to_timestamp('17-DEC-13 11.55.11.244000000 AM','DD-MON-RR HH.MI.SSXFF AM'),1,4,2,3,3,1234,5);
Insert into ZAZ.BUG (BUGID,BUGPROJECTID,BUGTITLE,BUGSUMMARY,BUGSUBMITTED,BUGREPORTERID,BUGFIXERID,BUGPRIORITY,BUGSEVERITYID,BUGCOMPONENTID,BUGBUILD,BUGSTATUSID) values (174,29,'asp.net werrd','werird behavior',to_timestamp('17-DEC-13 11.55.11.245000000 AM','DD-MON-RR HH.MI.SSXFF AM'),2,9,1,3,3,1234,6);
Insert into ZAZ.BUG (BUGID,BUGPROJECTID,BUGTITLE,BUGSUMMARY,BUGSUBMITTED,BUGREPORTERID,BUGFIXERID,BUGPRIORITY,BUGSEVERITYID,BUGCOMPONENTID,BUGBUILD,BUGSTATUSID) values (175,4,'asp.net werrd','werird behavior',to_timestamp('17-DEC-13 11.55.11.247000000 AM','DD-MON-RR HH.MI.SSXFF AM'),3,4,3,3,3,1234,6);
Insert into ZAZ.BUG (BUGID,BUGPROJECTID,BUGTITLE,BUGSUMMARY,BUGSUBMITTED,BUGREPORTERID,BUGFIXERID,BUGPRIORITY,BUGSEVERITYID,BUGCOMPONENTID,BUGBUILD,BUGSTATUSID) values (176,24,'asp.net werrd','werird behavior',to_timestamp('17-DEC-13 11.55.11.249000000 AM','DD-MON-RR HH.MI.SSXFF AM'),4,9,4,3,3,1234,5);
Insert into ZAZ.BUG (BUGID,BUGPROJECTID,BUGTITLE,BUGSUMMARY,BUGSUBMITTED,BUGREPORTERID,BUGFIXERID,BUGPRIORITY,BUGSEVERITYID,BUGCOMPONENTID,BUGBUILD,BUGSTATUSID) values (177,2,'werrd','werird behavior',to_timestamp('17-DEC-13 11.55.11.726000000 AM','DD-MON-RR HH.MI.SSXFF AM'),1,5,1,1,1,1234,1);
Insert into ZAZ.BUG (BUGID,BUGPROJECTID,BUGTITLE,BUGSUMMARY,BUGSUBMITTED,BUGREPORTERID,BUGFIXERID,BUGPRIORITY,BUGSEVERITYID,BUGCOMPONENTID,BUGBUILD,BUGSTATUSID) values (178,4,'wpf werrd','werird behavior',to_timestamp('17-DEC-13 11.55.11.727000000 AM','DD-MON-RR HH.MI.SSXFF AM'),3,6,7,5,3,1234,5);
Insert into ZAZ.BUG (BUGID,BUGPROJECTID,BUGTITLE,BUGSUMMARY,BUGSUBMITTED,BUGREPORTERID,BUGFIXERID,BUGPRIORITY,BUGSEVERITYID,BUGCOMPONENTID,BUGBUILD,BUGSTATUSID) values (179,10,'forms werrd','werird behavior',to_timestamp('17-DEC-13 11.55.11.729000000 AM','DD-MON-RR HH.MI.SSXFF AM'),8,4,1,5,3,1234,2);
Insert into ZAZ.BUG (BUGID,BUGPROJECTID,BUGTITLE,BUGSUMMARY,BUGSUBMITTED,BUGREPORTERID,BUGFIXERID,BUGPRIORITY,BUGSEVERITYID,BUGCOMPONENTID,BUGBUILD,BUGSTATUSID) values (180,5,'asp.net werrd','werird behavior',to_timestamp('17-DEC-13 11.55.11.731000000 AM','DD-MON-RR HH.MI.SSXFF AM'),9,4,1,4,3,1234,6);
Insert into ZAZ.BUG (BUGID,BUGPROJECTID,BUGTITLE,BUGSUMMARY,BUGSUBMITTED,BUGREPORTERID,BUGFIXERID,BUGPRIORITY,BUGSEVERITYID,BUGCOMPONENTID,BUGBUILD,BUGSTATUSID) values (181,25,'asp.net werrd','werird behavior',to_timestamp('17-DEC-13 11.55.11.745000000 AM','DD-MON-RR HH.MI.SSXFF AM'),6,8,4,3,2,1234,1);
Insert into ZAZ.BUG (BUGID,BUGPROJECTID,BUGTITLE,BUGSUMMARY,BUGSUBMITTED,BUGREPORTERID,BUGFIXERID,BUGPRIORITY,BUGSEVERITYID,BUGCOMPONENTID,BUGBUILD,BUGSTATUSID) values (182,30,'asp.net werrd','werird behavior',to_timestamp('17-DEC-13 11.55.11.747000000 AM','DD-MON-RR HH.MI.SSXFF AM'),1,7,2,3,3,1234,5);
Insert into ZAZ.BUG (BUGID,BUGPROJECTID,BUGTITLE,BUGSUMMARY,BUGSUBMITTED,BUGREPORTERID,BUGFIXERID,BUGPRIORITY,BUGSEVERITYID,BUGCOMPONENTID,BUGBUILD,BUGSTATUSID) values (183,29,'asp.net werrd','werird behavior',to_timestamp('17-DEC-13 11.55.11.749000000 AM','DD-MON-RR HH.MI.SSXFF AM'),2,7,1,3,3,1234,6);
Insert into ZAZ.BUG (BUGID,BUGPROJECTID,BUGTITLE,BUGSUMMARY,BUGSUBMITTED,BUGREPORTERID,BUGFIXERID,BUGPRIORITY,BUGSEVERITYID,BUGCOMPONENTID,BUGBUILD,BUGSTATUSID) values (184,4,'asp.net werrd','werird behavior',to_timestamp('13-DEC-13 11.55.11.751000000 AM','DD-MON-RR HH.MI.SSXFF AM'),3,3,3,3,3,1234,6);
Insert into ZAZ.BUG (BUGID,BUGPROJECTID,BUGTITLE,BUGSUMMARY,BUGSUBMITTED,BUGREPORTERID,BUGFIXERID,BUGPRIORITY,BUGSEVERITYID,BUGCOMPONENTID,BUGBUILD,BUGSTATUSID) values (185,24,'asp.net werrd','werird behavior',to_timestamp('17-DEC-13 11.55.11.753000000 AM','DD-MON-RR HH.MI.SSXFF AM'),4,2,4,3,3,1234,5);
Insert into ZAZ.BUG (BUGID,BUGPROJECTID,BUGTITLE,BUGSUMMARY,BUGSUBMITTED,BUGREPORTERID,BUGFIXERID,BUGPRIORITY,BUGSEVERITYID,BUGCOMPONENTID,BUGBUILD,BUGSTATUSID) values (186,2,'werrd','werird behavior',to_timestamp('17-DEC-13 11.55.12.234000000 AM','DD-MON-RR HH.MI.SSXFF AM'),1,5,1,1,1,1234,1);
Insert into ZAZ.BUG (BUGID,BUGPROJECTID,BUGTITLE,BUGSUMMARY,BUGSUBMITTED,BUGREPORTERID,BUGFIXERID,BUGPRIORITY,BUGSEVERITYID,BUGCOMPONENTID,BUGBUILD,BUGSTATUSID) values (187,4,'wpf werrd','werird behavior',to_timestamp('17-DEC-13 11.55.12.236000000 AM','DD-MON-RR HH.MI.SSXFF AM'),3,7,7,5,3,1234,5);
Insert into ZAZ.BUG (BUGID,BUGPROJECTID,BUGTITLE,BUGSUMMARY,BUGSUBMITTED,BUGREPORTERID,BUGFIXERID,BUGPRIORITY,BUGSEVERITYID,BUGCOMPONENTID,BUGBUILD,BUGSTATUSID) values (188,10,'forms werrd','werird behavior',to_timestamp('17-DEC-13 11.55.12.239000000 AM','DD-MON-RR HH.MI.SSXFF AM'),8,6,1,5,3,1234,2);
Insert into ZAZ.BUG (BUGID,BUGPROJECTID,BUGTITLE,BUGSUMMARY,BUGSUBMITTED,BUGREPORTERID,BUGFIXERID,BUGPRIORITY,BUGSEVERITYID,BUGCOMPONENTID,BUGBUILD,BUGSTATUSID) values (189,5,'asp.net werrd','werird behavior',to_timestamp('17-DEC-13 11.55.12.241000000 AM','DD-MON-RR HH.MI.SSXFF AM'),9,5,1,4,3,1234,6);
Insert into ZAZ.BUG (BUGID,BUGPROJECTID,BUGTITLE,BUGSUMMARY,BUGSUBMITTED,BUGREPORTERID,BUGFIXERID,BUGPRIORITY,BUGSEVERITYID,BUGCOMPONENTID,BUGBUILD,BUGSTATUSID) values (190,25,'asp.net werrd','werird behavior',to_timestamp('13-DEC-13 11.55.12.255000000 AM','DD-MON-RR HH.MI.SSXFF AM'),6,5,4,3,2,1234,1);
Insert into ZAZ.BUG (BUGID,BUGPROJECTID,BUGTITLE,BUGSUMMARY,BUGSUBMITTED,BUGREPORTERID,BUGFIXERID,BUGPRIORITY,BUGSEVERITYID,BUGCOMPONENTID,BUGBUILD,BUGSTATUSID) values (191,30,'asp.net werrd','werird behavior',to_timestamp('17-JAN-13 11.55.12.257000000 AM','DD-MON-RR HH.MI.SSXFF AM'),1,9,2,3,3,1234,5);
Insert into ZAZ.BUG (BUGID,BUGPROJECTID,BUGTITLE,BUGSUMMARY,BUGSUBMITTED,BUGREPORTERID,BUGFIXERID,BUGPRIORITY,BUGSEVERITYID,BUGCOMPONENTID,BUGBUILD,BUGSTATUSID) values (192,29,'asp.net werrd','werird behavior',to_timestamp('17-DEC-13 11.55.12.259000000 AM','DD-MON-RR HH.MI.SSXFF AM'),2,4,1,3,3,1234,6);
Insert into ZAZ.BUG (BUGID,BUGPROJECTID,BUGTITLE,BUGSUMMARY,BUGSUBMITTED,BUGREPORTERID,BUGFIXERID,BUGPRIORITY,BUGSEVERITYID,BUGCOMPONENTID,BUGBUILD,BUGSTATUSID) values (193,4,'asp.net werrd','werird behavior',to_timestamp('17-DEC-13 11.55.12.261000000 AM','DD-MON-RR HH.MI.SSXFF AM'),3,7,3,3,3,1234,6);
Insert into ZAZ.BUG (BUGID,BUGPROJECTID,BUGTITLE,BUGSUMMARY,BUGSUBMITTED,BUGREPORTERID,BUGFIXERID,BUGPRIORITY,BUGSEVERITYID,BUGCOMPONENTID,BUGBUILD,BUGSTATUSID) values (194,24,'asp.net werrd','werird behavior',to_timestamp('12-DEC-13 11.55.12.263000000 AM','DD-MON-RR HH.MI.SSXFF AM'),4,7,4,3,3,1234,5);
Insert into ZAZ.BUG (BUGID,BUGPROJECTID,BUGTITLE,BUGSUMMARY,BUGSUBMITTED,BUGREPORTERID,BUGFIXERID,BUGPRIORITY,BUGSEVERITYID,BUGCOMPONENTID,BUGBUILD,BUGSTATUSID) values (195,1,'asp.net werrd','werird behavior',to_timestamp('17-DEC-13 11.47.44.820000000 AM','DD-MON-RR HH.MI.SSXFF AM'),1,5,1,1,1,1234,1);
Insert into ZAZ.BUG (BUGID,BUGPROJECTID,BUGTITLE,BUGSUMMARY,BUGSUBMITTED,BUGREPORTERID,BUGFIXERID,BUGPRIORITY,BUGSEVERITYID,BUGCOMPONENTID,BUGBUILD,BUGSTATUSID) values (196,1,'asp.net werrd','werird behavior',to_timestamp('17-DEC-13 11.51.29.844000000 AM','DD-MON-RR HH.MI.SSXFF AM'),1,4,1,1,1,1234,1);
Insert into ZAZ.BUG (BUGID,BUGPROJECTID,BUGTITLE,BUGSUMMARY,BUGSUBMITTED,BUGREPORTERID,BUGFIXERID,BUGPRIORITY,BUGSEVERITYID,BUGCOMPONENTID,BUGBUILD,BUGSTATUSID) values (197,1,'asp.net werrd','werird behavior',to_timestamp('17-DEC-13 11.51.29.849000000 AM','DD-MON-RR HH.MI.SSXFF AM'),3,7,7,5,3,1234,5);
Insert into ZAZ.BUG (BUGID,BUGPROJECTID,BUGTITLE,BUGSUMMARY,BUGSUBMITTED,BUGREPORTERID,BUGFIXERID,BUGPRIORITY,BUGSEVERITYID,BUGCOMPONENTID,BUGBUILD,BUGSTATUSID) values (198,1,'asp.net werrd','werird behavior',to_timestamp('17-DEC-13 11.51.29.910000000 AM','DD-MON-RR HH.MI.SSXFF AM'),6,9,4,3,2,1234,1);
Insert into ZAZ.BUG (BUGID,BUGPROJECTID,BUGTITLE,BUGSUMMARY,BUGSUBMITTED,BUGREPORTERID,BUGFIXERID,BUGPRIORITY,BUGSEVERITYID,BUGCOMPONENTID,BUGBUILD,BUGSTATUSID) values (199,1,'asp.net werrd','werird behavior',to_timestamp('17-DEC-13 11.51.29.956000000 AM','DD-MON-RR HH.MI.SSXFF AM'),4,9,4,3,3,1234,5);
Insert into ZAZ.BUG (BUGID,BUGPROJECTID,BUGTITLE,BUGSUMMARY,BUGSUBMITTED,BUGREPORTERID,BUGFIXERID,BUGPRIORITY,BUGSEVERITYID,BUGCOMPONENTID,BUGBUILD,BUGSTATUSID) values (200,1,'asp.net werrd','werird behavior',to_timestamp('17-DEC-13 11.52.07.269000000 AM','DD-MON-RR HH.MI.SSXFF AM'),8,8,1,5,3,1234,2);
commit;
Insert into ZAZ.BUG (BUGID,BUGPROJECTID,BUGTITLE,BUGSUMMARY,BUGSUBMITTED,BUGREPORTERID,BUGFIXERID,BUGPRIORITY,BUGSEVERITYID,BUGCOMPONENTID,BUGBUILD,BUGSTATUSID) values (201,1,'asp.net werrd','werird behavior',to_timestamp('17-DEC-13 11.52.25.808000000 AM','DD-MON-RR HH.MI.SSXFF AM'),9,3,1,4,3,1234,6);
Insert into ZAZ.BUG (BUGID,BUGPROJECTID,BUGTITLE,BUGSUMMARY,BUGSUBMITTED,BUGREPORTERID,BUGFIXERID,BUGPRIORITY,BUGSEVERITYID,BUGCOMPONENTID,BUGBUILD,BUGSTATUSID) values (202,1,'asp.net werrd','werird behavior',to_timestamp('17-DEC-13 11.52.51.236000000 AM','DD-MON-RR HH.MI.SSXFF AM'),1,6,1,1,1,1234,1);
Insert into ZAZ.BUG (BUGID,BUGPROJECTID,BUGTITLE,BUGSUMMARY,BUGSUBMITTED,BUGREPORTERID,BUGFIXERID,BUGPRIORITY,BUGSEVERITYID,BUGCOMPONENTID,BUGBUILD,BUGSTATUSID) values (203,1,'asp.net werrd','werird behavior',to_timestamp('17-DEC-13 11.52.51.240000000 AM','DD-MON-RR HH.MI.SSXFF AM'),3,3,7,5,3,1234,5);
Insert into ZAZ.BUG (BUGID,BUGPROJECTID,BUGTITLE,BUGSUMMARY,BUGSUBMITTED,BUGREPORTERID,BUGFIXERID,BUGPRIORITY,BUGSEVERITYID,BUGCOMPONENTID,BUGBUILD,BUGSTATUSID) values (204,1,'asp.net werrd','werird behavior',to_timestamp('17-DEC-13 11.52.51.243000000 AM','DD-MON-RR HH.MI.SSXFF AM'),8,2,1,5,3,1234,2);
Insert into ZAZ.BUG (BUGID,BUGPROJECTID,BUGTITLE,BUGSUMMARY,BUGSUBMITTED,BUGREPORTERID,BUGFIXERID,BUGPRIORITY,BUGSEVERITYID,BUGCOMPONENTID,BUGBUILD,BUGSTATUSID) values (205,1,'asp.net werrd','werird behavior',to_timestamp('17-DEC-13 11.52.51.245000000 AM','DD-MON-RR HH.MI.SSXFF AM'),9,8,1,4,3,1234,6);
Insert into ZAZ.BUG (BUGID,BUGPROJECTID,BUGTITLE,BUGSUMMARY,BUGSUBMITTED,BUGREPORTERID,BUGFIXERID,BUGPRIORITY,BUGSEVERITYID,BUGCOMPONENTID,BUGBUILD,BUGSTATUSID) values (206,1,'asp.net werrd','werird behavior',to_timestamp('17-DEC-13 11.52.51.265000000 AM','DD-MON-RR HH.MI.SSXFF AM'),6,2,4,3,2,1234,1);
Insert into ZAZ.BUG (BUGID,BUGPROJECTID,BUGTITLE,BUGSUMMARY,BUGSUBMITTED,BUGREPORTERID,BUGFIXERID,BUGPRIORITY,BUGSEVERITYID,BUGCOMPONENTID,BUGBUILD,BUGSTATUSID) values (207,1,'asp.net werrd','werird behavior',to_timestamp('17-DEC-13 11.52.51.269000000 AM','DD-MON-RR HH.MI.SSXFF AM'),1,10,2,3,3,1234,5);
Insert into ZAZ.BUG (BUGID,BUGPROJECTID,BUGTITLE,BUGSUMMARY,BUGSUBMITTED,BUGREPORTERID,BUGFIXERID,BUGPRIORITY,BUGSEVERITYID,BUGCOMPONENTID,BUGBUILD,BUGSTATUSID) values (208,1,'asp.net werrd','werird behavior',to_timestamp('17-DEC-13 11.52.51.272000000 AM','DD-MON-RR HH.MI.SSXFF AM'),2,7,1,3,3,1234,6);
Insert into ZAZ.BUG (BUGID,BUGPROJECTID,BUGTITLE,BUGSUMMARY,BUGSUBMITTED,BUGREPORTERID,BUGFIXERID,BUGPRIORITY,BUGSEVERITYID,BUGCOMPONENTID,BUGBUILD,BUGSTATUSID) values (209,1,'asp.net werrd','werird behavior',to_timestamp('17-DEC-13 11.52.51.276000000 AM','DD-MON-RR HH.MI.SSXFF AM'),3,8,3,3,3,1234,6);
Insert into ZAZ.BUG (BUGID,BUGPROJECTID,BUGTITLE,BUGSUMMARY,BUGSUBMITTED,BUGREPORTERID,BUGFIXERID,BUGPRIORITY,BUGSEVERITYID,BUGCOMPONENTID,BUGBUILD,BUGSTATUSID) values (210,1,'asp.net werrd','werird behavior',to_timestamp('17-DEC-13 11.52.51.278000000 AM','DD-MON-RR HH.MI.SSXFF AM'),4,4,4,3,3,1234,5);
Insert into ZAZ.BUG (BUGID,BUGPROJECTID,BUGTITLE,BUGSUMMARY,BUGSUBMITTED,BUGREPORTERID,BUGFIXERID,BUGPRIORITY,BUGSEVERITYID,BUGCOMPONENTID,BUGBUILD,BUGSTATUSID) values (211,1,'asp.net werrd','werird behavior',to_timestamp('17-DEC-13 11.52.58.993000000 AM','DD-MON-RR HH.MI.SSXFF AM'),1,4,1,1,1,1234,1);
Insert into ZAZ.BUG (BUGID,BUGPROJECTID,BUGTITLE,BUGSUMMARY,BUGSUBMITTED,BUGREPORTERID,BUGFIXERID,BUGPRIORITY,BUGSEVERITYID,BUGCOMPONENTID,BUGBUILD,BUGSTATUSID) values (212,1,'asp.net werrd','werird behavior',to_timestamp('17-DEC-13 11.52.58.997000000 AM','DD-MON-RR HH.MI.SSXFF AM'),3,2,7,5,3,1234,5);
Insert into ZAZ.BUG (BUGID,BUGPROJECTID,BUGTITLE,BUGSUMMARY,BUGSUBMITTED,BUGREPORTERID,BUGFIXERID,BUGPRIORITY,BUGSEVERITYID,BUGCOMPONENTID,BUGBUILD,BUGSTATUSID) values (213,1,'asp.net werrd','werird behavior',to_timestamp('17-DEC-13 11.52.59.001000000 AM','DD-MON-RR HH.MI.SSXFF AM'),8,5,1,5,3,1234,2);
Insert into ZAZ.BUG (BUGID,BUGPROJECTID,BUGTITLE,BUGSUMMARY,BUGSUBMITTED,BUGREPORTERID,BUGFIXERID,BUGPRIORITY,BUGSEVERITYID,BUGCOMPONENTID,BUGBUILD,BUGSTATUSID) values (214,1,'asp.net werrd','werird behavior',to_timestamp('17-DEC-13 11.52.59.005000000 AM','DD-MON-RR HH.MI.SSXFF AM'),9,4,1,4,3,1234,6);
Insert into ZAZ.BUG (BUGID,BUGPROJECTID,BUGTITLE,BUGSUMMARY,BUGSUBMITTED,BUGREPORTERID,BUGFIXERID,BUGPRIORITY,BUGSEVERITYID,BUGCOMPONENTID,BUGBUILD,BUGSTATUSID) values (215,1,'asp.net werrd','werird behavior',to_timestamp('17-DEC-13 11.52.59.021000000 AM','DD-MON-RR HH.MI.SSXFF AM'),6,6,4,3,2,1234,1);
Insert into ZAZ.BUG (BUGID,BUGPROJECTID,BUGTITLE,BUGSUMMARY,BUGSUBMITTED,BUGREPORTERID,BUGFIXERID,BUGPRIORITY,BUGSEVERITYID,BUGCOMPONENTID,BUGBUILD,BUGSTATUSID) values (216,1,'asp.net werrd','werird behavior',to_timestamp('17-DEC-13 11.52.59.023000000 AM','DD-MON-RR HH.MI.SSXFF AM'),1,2,2,3,3,1234,5);
Insert into ZAZ.BUG (BUGID,BUGPROJECTID,BUGTITLE,BUGSUMMARY,BUGSUBMITTED,BUGREPORTERID,BUGFIXERID,BUGPRIORITY,BUGSEVERITYID,BUGCOMPONENTID,BUGBUILD,BUGSTATUSID) values (217,1,'asp.net werrd','werird behavior',to_timestamp('17-DEC-13 11.52.59.026000000 AM','DD-MON-RR HH.MI.SSXFF AM'),2,2,1,3,3,1234,6);
Insert into ZAZ.BUG (BUGID,BUGPROJECTID,BUGTITLE,BUGSUMMARY,BUGSUBMITTED,BUGREPORTERID,BUGFIXERID,BUGPRIORITY,BUGSEVERITYID,BUGCOMPONENTID,BUGBUILD,BUGSTATUSID) values (218,1,'asp.net werrd','werird behavior',to_timestamp('17-DEC-13 11.52.59.028000000 AM','DD-MON-RR HH.MI.SSXFF AM'),3,2,3,3,3,1234,6);
Insert into ZAZ.BUG (BUGID,BUGPROJECTID,BUGTITLE,BUGSUMMARY,BUGSUBMITTED,BUGREPORTERID,BUGFIXERID,BUGPRIORITY,BUGSEVERITYID,BUGCOMPONENTID,BUGBUILD,BUGSTATUSID) values (219,1,'asp.net werrd','werird behavior',to_timestamp('17-DEC-13 11.52.59.031000000 AM','DD-MON-RR HH.MI.SSXFF AM'),4,8,4,3,3,1234,5);
Insert into ZAZ.BUG (BUGID,BUGPROJECTID,BUGTITLE,BUGSUMMARY,BUGSUBMITTED,BUGREPORTERID,BUGFIXERID,BUGPRIORITY,BUGSEVERITYID,BUGCOMPONENTID,BUGBUILD,BUGSTATUSID) values (220,1,'werrd','werird behavior',to_timestamp('17-DEC-13 11.53.46.053000000 AM','DD-MON-RR HH.MI.SSXFF AM'),1,10,1,1,1,1234,1);
Insert into ZAZ.BUG (BUGID,BUGPROJECTID,BUGTITLE,BUGSUMMARY,BUGSUBMITTED,BUGREPORTERID,BUGFIXERID,BUGPRIORITY,BUGSEVERITYID,BUGCOMPONENTID,BUGBUILD,BUGSTATUSID) values (221,1,'wpf werrd','werird behavior',to_timestamp('17-DEC-13 11.53.46.060000000 AM','DD-MON-RR HH.MI.SSXFF AM'),3,9,7,5,3,1234,5);
Insert into ZAZ.BUG (BUGID,BUGPROJECTID,BUGTITLE,BUGSUMMARY,BUGSUBMITTED,BUGREPORTERID,BUGFIXERID,BUGPRIORITY,BUGSEVERITYID,BUGCOMPONENTID,BUGBUILD,BUGSTATUSID) values (222,1,'forms werrd','werird behavior',to_timestamp('17-DEC-13 11.53.46.067000000 AM','DD-MON-RR HH.MI.SSXFF AM'),8,4,1,5,3,1234,2);
Insert into ZAZ.BUG (BUGID,BUGPROJECTID,BUGTITLE,BUGSUMMARY,BUGSUBMITTED,BUGREPORTERID,BUGFIXERID,BUGPRIORITY,BUGSEVERITYID,BUGCOMPONENTID,BUGBUILD,BUGSTATUSID) values (223,1,'asp.net werrd','werird behavior',to_timestamp('17-DEC-13 11.53.46.071000000 AM','DD-MON-RR HH.MI.SSXFF AM'),9,6,1,4,3,1234,6);
Insert into ZAZ.BUG (BUGID,BUGPROJECTID,BUGTITLE,BUGSUMMARY,BUGSUBMITTED,BUGREPORTERID,BUGFIXERID,BUGPRIORITY,BUGSEVERITYID,BUGCOMPONENTID,BUGBUILD,BUGSTATUSID) values (224,1,'asp.net werrd','werird behavior',to_timestamp('17-DEC-13 11.53.46.087000000 AM','DD-MON-RR HH.MI.SSXFF AM'),6,5,4,3,2,1234,1);
Insert into ZAZ.BUG (BUGID,BUGPROJECTID,BUGTITLE,BUGSUMMARY,BUGSUBMITTED,BUGREPORTERID,BUGFIXERID,BUGPRIORITY,BUGSEVERITYID,BUGCOMPONENTID,BUGBUILD,BUGSTATUSID) values (225,1,'asp.net werrd','werird behavior',to_timestamp('17-DEC-13 11.53.46.089000000 AM','DD-MON-RR HH.MI.SSXFF AM'),1,2,2,3,3,1234,5);
Insert into ZAZ.BUG (BUGID,BUGPROJECTID,BUGTITLE,BUGSUMMARY,BUGSUBMITTED,BUGREPORTERID,BUGFIXERID,BUGPRIORITY,BUGSEVERITYID,BUGCOMPONENTID,BUGBUILD,BUGSTATUSID) values (226,1,'asp.net werrd','werird behavior',to_timestamp('17-DEC-13 11.53.46.091000000 AM','DD-MON-RR HH.MI.SSXFF AM'),2,4,1,3,3,1234,6);
Insert into ZAZ.BUG (BUGID,BUGPROJECTID,BUGTITLE,BUGSUMMARY,BUGSUBMITTED,BUGREPORTERID,BUGFIXERID,BUGPRIORITY,BUGSEVERITYID,BUGCOMPONENTID,BUGBUILD,BUGSTATUSID) values (227,1,'asp.net werrd','werird behavior',to_timestamp('17-DEC-13 11.53.46.093000000 AM','DD-MON-RR HH.MI.SSXFF AM'),3,3,3,3,3,1234,6);
Insert into ZAZ.BUG (BUGID,BUGPROJECTID,BUGTITLE,BUGSUMMARY,BUGSUBMITTED,BUGREPORTERID,BUGFIXERID,BUGPRIORITY,BUGSEVERITYID,BUGCOMPONENTID,BUGBUILD,BUGSTATUSID) values (228,1,'asp.net werrd','werird behavior',to_timestamp('17-DEC-13 11.53.46.095000000 AM','DD-MON-RR HH.MI.SSXFF AM'),4,2,4,3,3,1234,5);
Insert into ZAZ.BUG (BUGID,BUGPROJECTID,BUGTITLE,BUGSUMMARY,BUGSUBMITTED,BUGREPORTERID,BUGFIXERID,BUGPRIORITY,BUGSEVERITYID,BUGCOMPONENTID,BUGBUILD,BUGSTATUSID) values (229,2,'werrd','werird behavior',to_timestamp('17-DEC-13 11.54.49.818000000 AM','DD-MON-RR HH.MI.SSXFF AM'),1,8,1,1,1,1234,1);
Insert into ZAZ.BUG (BUGID,BUGPROJECTID,BUGTITLE,BUGSUMMARY,BUGSUBMITTED,BUGREPORTERID,BUGFIXERID,BUGPRIORITY,BUGSEVERITYID,BUGCOMPONENTID,BUGBUILD,BUGSTATUSID) values (230,4,'wpf werrd','werird behavior',to_timestamp('17-DEC-13 11.54.49.822000000 AM','DD-MON-RR HH.MI.SSXFF AM'),3,3,7,5,3,1234,5);
Insert into ZAZ.BUG (BUGID,BUGPROJECTID,BUGTITLE,BUGSUMMARY,BUGSUBMITTED,BUGREPORTERID,BUGFIXERID,BUGPRIORITY,BUGSEVERITYID,BUGCOMPONENTID,BUGBUILD,BUGSTATUSID) values (231,10,'forms werrd','werird behavior',to_timestamp('17-DEC-13 11.54.49.824000000 AM','DD-MON-RR HH.MI.SSXFF AM'),8,7,1,5,3,1234,2);
Insert into ZAZ.BUG (BUGID,BUGPROJECTID,BUGTITLE,BUGSUMMARY,BUGSUBMITTED,BUGREPORTERID,BUGFIXERID,BUGPRIORITY,BUGSEVERITYID,BUGCOMPONENTID,BUGBUILD,BUGSTATUSID) values (232,5,'asp.net werrd','werird behavior',to_timestamp('17-DEC-13 11.54.49.828000000 AM','DD-MON-RR HH.MI.SSXFF AM'),9,7,1,4,3,1234,6);
Insert into ZAZ.BUG (BUGID,BUGPROJECTID,BUGTITLE,BUGSUMMARY,BUGSUBMITTED,BUGREPORTERID,BUGFIXERID,BUGPRIORITY,BUGSEVERITYID,BUGCOMPONENTID,BUGBUILD,BUGSTATUSID) values (233,25,'asp.net werrd','werird behavior',to_timestamp('17-DEC-13 11.54.49.877000000 AM','DD-MON-RR HH.MI.SSXFF AM'),6,2,4,3,2,1234,1);
Insert into ZAZ.BUG (BUGID,BUGPROJECTID,BUGTITLE,BUGSUMMARY,BUGSUBMITTED,BUGREPORTERID,BUGFIXERID,BUGPRIORITY,BUGSEVERITYID,BUGCOMPONENTID,BUGBUILD,BUGSTATUSID) values (234,30,'asp.net werrd','werird behavior',to_timestamp('17-DEC-13 11.54.49.880000000 AM','DD-MON-RR HH.MI.SSXFF AM'),1,6,2,3,3,1234,5);
Insert into ZAZ.BUG (BUGID,BUGPROJECTID,BUGTITLE,BUGSUMMARY,BUGSUBMITTED,BUGREPORTERID,BUGFIXERID,BUGPRIORITY,BUGSEVERITYID,BUGCOMPONENTID,BUGBUILD,BUGSTATUSID) values (235,29,'asp.net werrd','werird behavior',to_timestamp('17-DEC-13 11.54.49.884000000 AM','DD-MON-RR HH.MI.SSXFF AM'),2,5,1,3,3,1234,6);
Insert into ZAZ.BUG (BUGID,BUGPROJECTID,BUGTITLE,BUGSUMMARY,BUGSUBMITTED,BUGREPORTERID,BUGFIXERID,BUGPRIORITY,BUGSEVERITYID,BUGCOMPONENTID,BUGBUILD,BUGSTATUSID) values (236,4,'asp.net werrd','werird behavior',to_timestamp('17-DEC-13 11.54.49.887000000 AM','DD-MON-RR HH.MI.SSXFF AM'),3,5,3,3,3,1234,6);
Insert into ZAZ.BUG (BUGID,BUGPROJECTID,BUGTITLE,BUGSUMMARY,BUGSUBMITTED,BUGREPORTERID,BUGFIXERID,BUGPRIORITY,BUGSEVERITYID,BUGCOMPONENTID,BUGBUILD,BUGSTATUSID) values (237,7,'asp.net werrd','werird behavior',to_timestamp('17-DEC-13 11.54.49.891000000 AM','DD-MON-RR HH.MI.SSXFF AM'),4,8,4,3,3,1234,5);
Insert into ZAZ.BUG (BUGID,BUGPROJECTID,BUGTITLE,BUGSUMMARY,BUGSUBMITTED,BUGREPORTERID,BUGFIXERID,BUGPRIORITY,BUGSEVERITYID,BUGCOMPONENTID,BUGBUILD,BUGSTATUSID) values (238,2,'werrd','werird behavior',to_timestamp('17-DEC-13 11.55.09.557000000 AM','DD-MON-RR HH.MI.SSXFF AM'),1,7,1,1,1,1234,1);
Insert into ZAZ.BUG (BUGID,BUGPROJECTID,BUGTITLE,BUGSUMMARY,BUGSUBMITTED,BUGREPORTERID,BUGFIXERID,BUGPRIORITY,BUGSEVERITYID,BUGCOMPONENTID,BUGBUILD,BUGSTATUSID) values (239,4,'wpf werrd','werird behavior',to_timestamp('17-DEC-13 11.55.09.562000000 AM','DD-MON-RR HH.MI.SSXFF AM'),3,9,7,5,3,1234,5);
Insert into ZAZ.BUG (BUGID,BUGPROJECTID,BUGTITLE,BUGSUMMARY,BUGSUBMITTED,BUGREPORTERID,BUGFIXERID,BUGPRIORITY,BUGSEVERITYID,BUGCOMPONENTID,BUGBUILD,BUGSTATUSID) values (240,10,'forms werrd','werird behavior',to_timestamp('17-DEC-13 11.55.09.566000000 AM','DD-MON-RR HH.MI.SSXFF AM'),8,8,1,5,3,1234,2);
Insert into ZAZ.BUG (BUGID,BUGPROJECTID,BUGTITLE,BUGSUMMARY,BUGSUBMITTED,BUGREPORTERID,BUGFIXERID,BUGPRIORITY,BUGSEVERITYID,BUGCOMPONENTID,BUGBUILD,BUGSTATUSID) values (241,5,'asp.net werrd','werird behavior',to_timestamp('17-DEC-13 11.55.09.569000000 AM','DD-MON-RR HH.MI.SSXFF AM'),9,8,1,4,3,1234,6);
Insert into ZAZ.BUG (BUGID,BUGPROJECTID,BUGTITLE,BUGSUMMARY,BUGSUBMITTED,BUGREPORTERID,BUGFIXERID,BUGPRIORITY,BUGSEVERITYID,BUGCOMPONENTID,BUGBUILD,BUGSTATUSID) values (242,25,'asp.net werrd','werird behavior',to_timestamp('17-DEC-13 11.55.09.585000000 AM','DD-MON-RR HH.MI.SSXFF AM'),6,10,4,3,2,1234,1);
Insert into ZAZ.BUG (BUGID,BUGPROJECTID,BUGTITLE,BUGSUMMARY,BUGSUBMITTED,BUGREPORTERID,BUGFIXERID,BUGPRIORITY,BUGSEVERITYID,BUGCOMPONENTID,BUGBUILD,BUGSTATUSID) values (243,30,'asp.net werrd','werird behavior',to_timestamp('17-DEC-13 11.55.09.587000000 AM','DD-MON-RR HH.MI.SSXFF AM'),1,7,2,3,3,1234,5);
Insert into ZAZ.BUG (BUGID,BUGPROJECTID,BUGTITLE,BUGSUMMARY,BUGSUBMITTED,BUGREPORTERID,BUGFIXERID,BUGPRIORITY,BUGSEVERITYID,BUGCOMPONENTID,BUGBUILD,BUGSTATUSID) values (244,29,'asp.net werrd','werird behavior',to_timestamp('17-DEC-13 11.55.09.589000000 AM','DD-MON-RR HH.MI.SSXFF AM'),2,9,1,3,3,1234,6);
Insert into ZAZ.BUG (BUGID,BUGPROJECTID,BUGTITLE,BUGSUMMARY,BUGSUBMITTED,BUGREPORTERID,BUGFIXERID,BUGPRIORITY,BUGSEVERITYID,BUGCOMPONENTID,BUGBUILD,BUGSTATUSID) values (245,4,'asp.net werrd','werird behavior',to_timestamp('17-DEC-13 11.55.09.591000000 AM','DD-MON-RR HH.MI.SSXFF AM'),3,8,3,3,3,1234,6);
Insert into ZAZ.BUG (BUGID,BUGPROJECTID,BUGTITLE,BUGSUMMARY,BUGSUBMITTED,BUGREPORTERID,BUGFIXERID,BUGPRIORITY,BUGSEVERITYID,BUGCOMPONENTID,BUGBUILD,BUGSTATUSID) values (246,24,'asp.net werrd','werird behavior',to_timestamp('17-DEC-13 11.55.09.594000000 AM','DD-MON-RR HH.MI.SSXFF AM'),4,5,4,3,3,1234,5);
Insert into ZAZ.BUG (BUGID,BUGPROJECTID,BUGTITLE,BUGSUMMARY,BUGSUBMITTED,BUGREPORTERID,BUGFIXERID,BUGPRIORITY,BUGSEVERITYID,BUGCOMPONENTID,BUGBUILD,BUGSTATUSID) values (247,2,'werrd','werird behavior',to_timestamp('17-DEC-13 11.55.10.135000000 AM','DD-MON-RR HH.MI.SSXFF AM'),1,5,1,1,1,1234,1);
Insert into ZAZ.BUG (BUGID,BUGPROJECTID,BUGTITLE,BUGSUMMARY,BUGSUBMITTED,BUGREPORTERID,BUGFIXERID,BUGPRIORITY,BUGSEVERITYID,BUGCOMPONENTID,BUGBUILD,BUGSTATUSID) values (248,4,'wpf werrd','werird behavior',to_timestamp('17-DEC-13 11.55.10.137000000 AM','DD-MON-RR HH.MI.SSXFF AM'),3,8,7,5,3,1234,5);
Insert into ZAZ.BUG (BUGID,BUGPROJECTID,BUGTITLE,BUGSUMMARY,BUGSUBMITTED,BUGREPORTERID,BUGFIXERID,BUGPRIORITY,BUGSEVERITYID,BUGCOMPONENTID,BUGBUILD,BUGSTATUSID) values (249,10,'forms werrd','werird behavior',to_timestamp('17-DEC-13 11.55.10.138000000 AM','DD-MON-RR HH.MI.SSXFF AM'),8,8,1,5,3,1234,2);
Insert into ZAZ.BUG (BUGID,BUGPROJECTID,BUGTITLE,BUGSUMMARY,BUGSUBMITTED,BUGREPORTERID,BUGFIXERID,BUGPRIORITY,BUGSEVERITYID,BUGCOMPONENTID,BUGBUILD,BUGSTATUSID) values (250,5,'asp.net werrd','werird behavior',to_timestamp('17-DEC-13 11.55.10.140000000 AM','DD-MON-RR HH.MI.SSXFF AM'),9,3,1,4,3,1234,6);
Insert into ZAZ.BUG (BUGID,BUGPROJECTID,BUGTITLE,BUGSUMMARY,BUGSUBMITTED,BUGREPORTERID,BUGFIXERID,BUGPRIORITY,BUGSEVERITYID,BUGCOMPONENTID,BUGBUILD,BUGSTATUSID) values (251,25,'asp.net werrd','werird behavior',to_timestamp('17-DEC-13 11.55.10.152000000 AM','DD-MON-RR HH.MI.SSXFF AM'),6,4,4,3,2,1234,1);
Insert into ZAZ.BUG (BUGID,BUGPROJECTID,BUGTITLE,BUGSUMMARY,BUGSUBMITTED,BUGREPORTERID,BUGFIXERID,BUGPRIORITY,BUGSEVERITYID,BUGCOMPONENTID,BUGBUILD,BUGSTATUSID) values (252,30,'asp.net werrd','werird behavior',to_timestamp('17-DEC-13 11.55.10.154000000 AM','DD-MON-RR HH.MI.SSXFF AM'),1,6,2,3,3,1234,5);
Insert into ZAZ.BUG (BUGID,BUGPROJECTID,BUGTITLE,BUGSUMMARY,BUGSUBMITTED,BUGREPORTERID,BUGFIXERID,BUGPRIORITY,BUGSEVERITYID,BUGCOMPONENTID,BUGBUILD,BUGSTATUSID) values (253,29,'asp.net werrd','werird behavior',to_timestamp('17-DEC-13 11.55.10.156000000 AM','DD-MON-RR HH.MI.SSXFF AM'),2,3,1,3,3,1234,6);
Insert into ZAZ.BUG (BUGID,BUGPROJECTID,BUGTITLE,BUGSUMMARY,BUGSUBMITTED,BUGREPORTERID,BUGFIXERID,BUGPRIORITY,BUGSEVERITYID,BUGCOMPONENTID,BUGBUILD,BUGSTATUSID) values (254,4,'asp.net werrd','werird behavior',to_timestamp('17-DEC-13 11.55.10.158000000 AM','DD-MON-RR HH.MI.SSXFF AM'),3,5,3,3,3,1234,6);
Insert into ZAZ.BUG (BUGID,BUGPROJECTID,BUGTITLE,BUGSUMMARY,BUGSUBMITTED,BUGREPORTERID,BUGFIXERID,BUGPRIORITY,BUGSEVERITYID,BUGCOMPONENTID,BUGBUILD,BUGSTATUSID) values (255,24,'asp.net werrd','werird behavior',to_timestamp('17-DEC-13 11.55.10.160000000 AM','DD-MON-RR HH.MI.SSXFF AM'),4,3,4,3,3,1234,5);
Insert into ZAZ.BUG (BUGID,BUGPROJECTID,BUGTITLE,BUGSUMMARY,BUGSUBMITTED,BUGREPORTERID,BUGFIXERID,BUGPRIORITY,BUGSEVERITYID,BUGCOMPONENTID,BUGBUILD,BUGSTATUSID) values (256,2,'werrd','werird behavior',to_timestamp('17-DEC-13 11.55.10.663000000 AM','DD-MON-RR HH.MI.SSXFF AM'),1,4,1,1,1,1234,1);
Insert into ZAZ.BUG (BUGID,BUGPROJECTID,BUGTITLE,BUGSUMMARY,BUGSUBMITTED,BUGREPORTERID,BUGFIXERID,BUGPRIORITY,BUGSEVERITYID,BUGCOMPONENTID,BUGBUILD,BUGSTATUSID) values (257,4,'wpf werrd','werird behavior',to_timestamp('17-DEC-13 11.55.10.665000000 AM','DD-MON-RR HH.MI.SSXFF AM'),3,9,7,5,3,1234,5);
Insert into ZAZ.BUG (BUGID,BUGPROJECTID,BUGTITLE,BUGSUMMARY,BUGSUBMITTED,BUGREPORTERID,BUGFIXERID,BUGPRIORITY,BUGSEVERITYID,BUGCOMPONENTID,BUGBUILD,BUGSTATUSID) values (258,10,'forms werrd','werird behavior',to_timestamp('17-DEC-13 11.55.10.666000000 AM','DD-MON-RR HH.MI.SSXFF AM'),8,5,1,5,3,1234,2);
Insert into ZAZ.BUG (BUGID,BUGPROJECTID,BUGTITLE,BUGSUMMARY,BUGSUBMITTED,BUGREPORTERID,BUGFIXERID,BUGPRIORITY,BUGSEVERITYID,BUGCOMPONENTID,BUGBUILD,BUGSTATUSID) values (259,5,'asp.net werrd','werird behavior',to_timestamp('17-DEC-13 11.55.10.669000000 AM','DD-MON-RR HH.MI.SSXFF AM'),9,3,1,4,3,1234,6);
Insert into ZAZ.BUG (BUGID,BUGPROJECTID,BUGTITLE,BUGSUMMARY,BUGSUBMITTED,BUGREPORTERID,BUGFIXERID,BUGPRIORITY,BUGSEVERITYID,BUGCOMPONENTID,BUGBUILD,BUGSTATUSID) values (260,25,'asp.net werrd','werird behavior',to_timestamp('17-DEC-13 11.55.10.682000000 AM','DD-MON-RR HH.MI.SSXFF AM'),6,6,4,3,2,1234,1);
Insert into ZAZ.BUG (BUGID,BUGPROJECTID,BUGTITLE,BUGSUMMARY,BUGSUBMITTED,BUGREPORTERID,BUGFIXERID,BUGPRIORITY,BUGSEVERITYID,BUGCOMPONENTID,BUGBUILD,BUGSTATUSID) values (261,30,'asp.net werrd','werird behavior',to_timestamp('17-DEC-13 11.55.10.684000000 AM','DD-MON-RR HH.MI.SSXFF AM'),1,4,2,3,3,1234,5);
Insert into ZAZ.BUG (BUGID,BUGPROJECTID,BUGTITLE,BUGSUMMARY,BUGSUBMITTED,BUGREPORTERID,BUGFIXERID,BUGPRIORITY,BUGSEVERITYID,BUGCOMPONENTID,BUGBUILD,BUGSTATUSID) values (262,29,'asp.net werrd','werird behavior',to_timestamp('17-DEC-13 11.55.10.685000000 AM','DD-MON-RR HH.MI.SSXFF AM'),2,7,1,3,3,1234,6);
Insert into ZAZ.BUG (BUGID,BUGPROJECTID,BUGTITLE,BUGSUMMARY,BUGSUBMITTED,BUGREPORTERID,BUGFIXERID,BUGPRIORITY,BUGSEVERITYID,BUGCOMPONENTID,BUGBUILD,BUGSTATUSID) values (263,4,'asp.net werrd','werird behavior',to_timestamp('17-DEC-13 11.55.10.687000000 AM','DD-MON-RR HH.MI.SSXFF AM'),3,4,3,3,3,1234,6);
Insert into ZAZ.BUG (BUGID,BUGPROJECTID,BUGTITLE,BUGSUMMARY,BUGSUBMITTED,BUGREPORTERID,BUGFIXERID,BUGPRIORITY,BUGSEVERITYID,BUGCOMPONENTID,BUGBUILD,BUGSTATUSID) values (264,24,'asp.net werrd','werird behavior',to_timestamp('17-DEC-13 11.55.10.689000000 AM','DD-MON-RR HH.MI.SSXFF AM'),4,9,4,3,3,1234,5);
Insert into ZAZ.BUG (BUGID,BUGPROJECTID,BUGTITLE,BUGSUMMARY,BUGSUBMITTED,BUGREPORTERID,BUGFIXERID,BUGPRIORITY,BUGSEVERITYID,BUGCOMPONENTID,BUGBUILD,BUGSTATUSID) values (265,2,'werrd','werird behavior',to_timestamp('17-DEC-13 11.55.11.222000000 AM','DD-MON-RR HH.MI.SSXFF AM'),1,8,1,1,1,1234,1);
Insert into ZAZ.BUG (BUGID,BUGPROJECTID,BUGTITLE,BUGSUMMARY,BUGSUBMITTED,BUGREPORTERID,BUGFIXERID,BUGPRIORITY,BUGSEVERITYID,BUGCOMPONENTID,BUGBUILD,BUGSTATUSID) values (266,4,'wpf werrd','werird behavior',to_timestamp('17-DEC-13 11.55.11.225000000 AM','DD-MON-RR HH.MI.SSXFF AM'),3,8,7,5,3,1234,5);
Insert into ZAZ.BUG (BUGID,BUGPROJECTID,BUGTITLE,BUGSUMMARY,BUGSUBMITTED,BUGREPORTERID,BUGFIXERID,BUGPRIORITY,BUGSEVERITYID,BUGCOMPONENTID,BUGBUILD,BUGSTATUSID) values (267,10,'forms werrd','werird behavior',to_timestamp('17-DEC-13 11.55.11.227000000 AM','DD-MON-RR HH.MI.SSXFF AM'),8,6,1,5,3,1234,2);
Insert into ZAZ.BUG (BUGID,BUGPROJECTID,BUGTITLE,BUGSUMMARY,BUGSUBMITTED,BUGREPORTERID,BUGFIXERID,BUGPRIORITY,BUGSEVERITYID,BUGCOMPONENTID,BUGBUILD,BUGSTATUSID) values (268,5,'asp.net werrd','werird behavior',to_timestamp('17-DEC-13 11.55.11.228000000 AM','DD-MON-RR HH.MI.SSXFF AM'),9,3,1,4,3,1234,6);
Insert into ZAZ.BUG (BUGID,BUGPROJECTID,BUGTITLE,BUGSUMMARY,BUGSUBMITTED,BUGREPORTERID,BUGFIXERID,BUGPRIORITY,BUGSEVERITYID,BUGCOMPONENTID,BUGBUILD,BUGSTATUSID) values (269,25,'asp.net werrd','werird behavior',to_timestamp('17-DEC-13 11.55.11.242000000 AM','DD-MON-RR HH.MI.SSXFF AM'),6,10,4,3,2,1234,1);
Insert into ZAZ.BUG (BUGID,BUGPROJECTID,BUGTITLE,BUGSUMMARY,BUGSUBMITTED,BUGREPORTERID,BUGFIXERID,BUGPRIORITY,BUGSEVERITYID,BUGCOMPONENTID,BUGBUILD,BUGSTATUSID) values (270,30,'asp.net werrd','werird behavior',to_timestamp('17-DEC-13 11.55.11.244000000 AM','DD-MON-RR HH.MI.SSXFF AM'),1,5,2,3,3,1234,5);
Insert into ZAZ.BUG (BUGID,BUGPROJECTID,BUGTITLE,BUGSUMMARY,BUGSUBMITTED,BUGREPORTERID,BUGFIXERID,BUGPRIORITY,BUGSEVERITYID,BUGCOMPONENTID,BUGBUILD,BUGSTATUSID) values (271,29,'asp.net werrd','werird behavior',to_timestamp('17-DEC-13 11.55.11.245000000 AM','DD-MON-RR HH.MI.SSXFF AM'),2,9,1,3,3,1234,6);
Insert into ZAZ.BUG (BUGID,BUGPROJECTID,BUGTITLE,BUGSUMMARY,BUGSUBMITTED,BUGREPORTERID,BUGFIXERID,BUGPRIORITY,BUGSEVERITYID,BUGCOMPONENTID,BUGBUILD,BUGSTATUSID) values (272,4,'asp.net werrd','werird behavior',to_timestamp('17-DEC-13 11.55.11.247000000 AM','DD-MON-RR HH.MI.SSXFF AM'),3,8,3,3,3,1234,6);
Insert into ZAZ.BUG (BUGID,BUGPROJECTID,BUGTITLE,BUGSUMMARY,BUGSUBMITTED,BUGREPORTERID,BUGFIXERID,BUGPRIORITY,BUGSEVERITYID,BUGCOMPONENTID,BUGBUILD,BUGSTATUSID) values (273,24,'asp.net werrd','werird behavior',to_timestamp('17-DEC-13 11.55.11.249000000 AM','DD-MON-RR HH.MI.SSXFF AM'),4,2,4,3,3,1234,5);
Insert into ZAZ.BUG (BUGID,BUGPROJECTID,BUGTITLE,BUGSUMMARY,BUGSUBMITTED,BUGREPORTERID,BUGFIXERID,BUGPRIORITY,BUGSEVERITYID,BUGCOMPONENTID,BUGBUILD,BUGSTATUSID) values (274,2,'werrd','werird behavior',to_timestamp('17-DEC-13 11.55.11.726000000 AM','DD-MON-RR HH.MI.SSXFF AM'),1,5,1,1,1,1234,1);
Insert into ZAZ.BUG (BUGID,BUGPROJECTID,BUGTITLE,BUGSUMMARY,BUGSUBMITTED,BUGREPORTERID,BUGFIXERID,BUGPRIORITY,BUGSEVERITYID,BUGCOMPONENTID,BUGBUILD,BUGSTATUSID) values (275,4,'wpf werrd','werird behavior',to_timestamp('17-DEC-13 11.55.11.727000000 AM','DD-MON-RR HH.MI.SSXFF AM'),3,8,7,5,3,1234,5);
Insert into ZAZ.BUG (BUGID,BUGPROJECTID,BUGTITLE,BUGSUMMARY,BUGSUBMITTED,BUGREPORTERID,BUGFIXERID,BUGPRIORITY,BUGSEVERITYID,BUGCOMPONENTID,BUGBUILD,BUGSTATUSID) values (276,10,'forms werrd','werird behavior',to_timestamp('17-DEC-13 11.55.11.729000000 AM','DD-MON-RR HH.MI.SSXFF AM'),8,7,1,5,3,1234,2);
Insert into ZAZ.BUG (BUGID,BUGPROJECTID,BUGTITLE,BUGSUMMARY,BUGSUBMITTED,BUGREPORTERID,BUGFIXERID,BUGPRIORITY,BUGSEVERITYID,BUGCOMPONENTID,BUGBUILD,BUGSTATUSID) values (277,5,'asp.net werrd','werird behavior',to_timestamp('17-DEC-13 11.55.11.731000000 AM','DD-MON-RR HH.MI.SSXFF AM'),9,8,1,4,3,1234,6);
Insert into ZAZ.BUG (BUGID,BUGPROJECTID,BUGTITLE,BUGSUMMARY,BUGSUBMITTED,BUGREPORTERID,BUGFIXERID,BUGPRIORITY,BUGSEVERITYID,BUGCOMPONENTID,BUGBUILD,BUGSTATUSID) values (278,25,'asp.net werrd','werird behavior',to_timestamp('17-DEC-13 11.55.11.745000000 AM','DD-MON-RR HH.MI.SSXFF AM'),6,9,4,3,2,1234,1);
Insert into ZAZ.BUG (BUGID,BUGPROJECTID,BUGTITLE,BUGSUMMARY,BUGSUBMITTED,BUGREPORTERID,BUGFIXERID,BUGPRIORITY,BUGSEVERITYID,BUGCOMPONENTID,BUGBUILD,BUGSTATUSID) values (279,30,'asp.net werrd','werird behavior',to_timestamp('17-DEC-13 11.55.11.747000000 AM','DD-MON-RR HH.MI.SSXFF AM'),1,3,2,3,3,1234,5);
Insert into ZAZ.BUG (BUGID,BUGPROJECTID,BUGTITLE,BUGSUMMARY,BUGSUBMITTED,BUGREPORTERID,BUGFIXERID,BUGPRIORITY,BUGSEVERITYID,BUGCOMPONENTID,BUGBUILD,BUGSTATUSID) values (280,29,'asp.net werrd','werird behavior',to_timestamp('17-DEC-13 11.55.11.749000000 AM','DD-MON-RR HH.MI.SSXFF AM'),2,9,1,3,3,1234,6);
Insert into ZAZ.BUG (BUGID,BUGPROJECTID,BUGTITLE,BUGSUMMARY,BUGSUBMITTED,BUGREPORTERID,BUGFIXERID,BUGPRIORITY,BUGSEVERITYID,BUGCOMPONENTID,BUGBUILD,BUGSTATUSID) values (281,4,'asp.net werrd','werird behavior',to_timestamp('13-DEC-13 11.55.11.751000000 AM','DD-MON-RR HH.MI.SSXFF AM'),3,6,3,3,3,1234,6);
Insert into ZAZ.BUG (BUGID,BUGPROJECTID,BUGTITLE,BUGSUMMARY,BUGSUBMITTED,BUGREPORTERID,BUGFIXERID,BUGPRIORITY,BUGSEVERITYID,BUGCOMPONENTID,BUGBUILD,BUGSTATUSID) values (282,24,'asp.net werrd','werird behavior',to_timestamp('17-DEC-13 11.55.11.753000000 AM','DD-MON-RR HH.MI.SSXFF AM'),4,5,4,3,3,1234,5);
Insert into ZAZ.BUG (BUGID,BUGPROJECTID,BUGTITLE,BUGSUMMARY,BUGSUBMITTED,BUGREPORTERID,BUGFIXERID,BUGPRIORITY,BUGSEVERITYID,BUGCOMPONENTID,BUGBUILD,BUGSTATUSID) values (283,2,'werrd','werird behavior',to_timestamp('17-DEC-13 11.55.12.234000000 AM','DD-MON-RR HH.MI.SSXFF AM'),1,7,1,1,1,1234,1);
Insert into ZAZ.BUG (BUGID,BUGPROJECTID,BUGTITLE,BUGSUMMARY,BUGSUBMITTED,BUGREPORTERID,BUGFIXERID,BUGPRIORITY,BUGSEVERITYID,BUGCOMPONENTID,BUGBUILD,BUGSTATUSID) values (284,4,'wpf werrd','werird behavior',to_timestamp('17-DEC-13 11.55.12.236000000 AM','DD-MON-RR HH.MI.SSXFF AM'),3,10,7,5,3,1234,5);
Insert into ZAZ.BUG (BUGID,BUGPROJECTID,BUGTITLE,BUGSUMMARY,BUGSUBMITTED,BUGREPORTERID,BUGFIXERID,BUGPRIORITY,BUGSEVERITYID,BUGCOMPONENTID,BUGBUILD,BUGSTATUSID) values (285,10,'forms werrd','werird behavior',to_timestamp('17-DEC-13 11.55.12.239000000 AM','DD-MON-RR HH.MI.SSXFF AM'),8,7,1,5,3,1234,2);
Insert into ZAZ.BUG (BUGID,BUGPROJECTID,BUGTITLE,BUGSUMMARY,BUGSUBMITTED,BUGREPORTERID,BUGFIXERID,BUGPRIORITY,BUGSEVERITYID,BUGCOMPONENTID,BUGBUILD,BUGSTATUSID) values (286,5,'asp.net werrd','werird behavior',to_timestamp('17-DEC-13 11.55.12.241000000 AM','DD-MON-RR HH.MI.SSXFF AM'),9,9,1,4,3,1234,6);
Insert into ZAZ.BUG (BUGID,BUGPROJECTID,BUGTITLE,BUGSUMMARY,BUGSUBMITTED,BUGREPORTERID,BUGFIXERID,BUGPRIORITY,BUGSEVERITYID,BUGCOMPONENTID,BUGBUILD,BUGSTATUSID) values (287,25,'asp.net werrd','werird behavior',to_timestamp('13-DEC-13 11.55.12.255000000 AM','DD-MON-RR HH.MI.SSXFF AM'),6,2,4,3,2,1234,1);
Insert into ZAZ.BUG (BUGID,BUGPROJECTID,BUGTITLE,BUGSUMMARY,BUGSUBMITTED,BUGREPORTERID,BUGFIXERID,BUGPRIORITY,BUGSEVERITYID,BUGCOMPONENTID,BUGBUILD,BUGSTATUSID) values (288,30,'asp.net werrd','werird behavior',to_timestamp('17-JAN-13 11.55.12.257000000 AM','DD-MON-RR HH.MI.SSXFF AM'),1,2,2,3,3,1234,5);
Insert into ZAZ.BUG (BUGID,BUGPROJECTID,BUGTITLE,BUGSUMMARY,BUGSUBMITTED,BUGREPORTERID,BUGFIXERID,BUGPRIORITY,BUGSEVERITYID,BUGCOMPONENTID,BUGBUILD,BUGSTATUSID) values (289,29,'asp.net werrd','werird behavior',to_timestamp('17-DEC-13 11.55.12.259000000 AM','DD-MON-RR HH.MI.SSXFF AM'),2,10,1,3,3,1234,6);
Insert into ZAZ.BUG (BUGID,BUGPROJECTID,BUGTITLE,BUGSUMMARY,BUGSUBMITTED,BUGREPORTERID,BUGFIXERID,BUGPRIORITY,BUGSEVERITYID,BUGCOMPONENTID,BUGBUILD,BUGSTATUSID) values (290,4,'asp.net werrd','werird behavior',to_timestamp('17-DEC-13 11.55.12.261000000 AM','DD-MON-RR HH.MI.SSXFF AM'),3,7,3,3,3,1234,6);
Insert into ZAZ.BUG (BUGID,BUGPROJECTID,BUGTITLE,BUGSUMMARY,BUGSUBMITTED,BUGREPORTERID,BUGFIXERID,BUGPRIORITY,BUGSEVERITYID,BUGCOMPONENTID,BUGBUILD,BUGSTATUSID) values (291,24,'asp.net werrd','werird behavior',to_timestamp('12-DEC-13 11.55.12.263000000 AM','DD-MON-RR HH.MI.SSXFF AM'),4,10,4,3,3,1234,5);
commit;
REM INSERTING into ZAZ.COMPONENT
SET DEFINE OFF;
Insert into ZAZ.COMPONENT (COMPONENTID,COMPONENTTITLE) values (1,'CONFIG');
Insert into ZAZ.COMPONENT (COMPONENTID,COMPONENTTITLE) values (2,'API');
Insert into ZAZ.COMPONENT (COMPONENTID,COMPONENTTITLE) values (3,'COMPONENT');
commit;
REM INSERTING into ZAZ.EMPLOYEE
SET DEFINE OFF;
Insert into ZAZ.EMPLOYEE (EMPID,EMPFNAME,EMPSNAME,EMPPOSITIONID) values (1,'Ellen','Newton',1);
Insert into ZAZ.EMPLOYEE (EMPID,EMPFNAME,EMPSNAME,EMPPOSITIONID) values (2,'Mamie','Perry',1);
Insert into ZAZ.EMPLOYEE (EMPID,EMPFNAME,EMPSNAME,EMPPOSITIONID) values (3,'Maxine','Ray',1);
Insert into ZAZ.EMPLOYEE (EMPID,EMPFNAME,EMPSNAME,EMPPOSITIONID) values (4,'Norman','Potter',1);
Insert into ZAZ.EMPLOYEE (EMPID,EMPFNAME,EMPSNAME,EMPPOSITIONID) values (5,'Audrey','Daniel',1);
Insert into ZAZ.EMPLOYEE (EMPID,EMPFNAME,EMPSNAME,EMPPOSITIONID) values (6,'Velma','Reyes',1);
Insert into ZAZ.EMPLOYEE (EMPID,EMPFNAME,EMPSNAME,EMPPOSITIONID) values (7,'Alfonso','Henderson',1);
Insert into ZAZ.EMPLOYEE (EMPID,EMPFNAME,EMPSNAME,EMPPOSITIONID) values (8,'Eugene','Hardy',1);
Insert into ZAZ.EMPLOYEE (EMPID,EMPFNAME,EMPSNAME,EMPPOSITIONID) values (9,'Andre','Foster',1);
Insert into ZAZ.EMPLOYEE (EMPID,EMPFNAME,EMPSNAME,EMPPOSITIONID) values (10,'Dan','Young',1);
commit;
REM INSERTING into ZAZ.POSITION
SET DEFINE OFF;
Insert into ZAZ.POSITION (POSITIONID,POSITIONNAME) values (1,'jun');
Insert into ZAZ.POSITION (POSITIONID,POSITIONNAME) values (2,'middle');
Insert into ZAZ.POSITION (POSITIONID,POSITIONNAME) values (3,'lead');
Insert into ZAZ.POSITION (POSITIONID,POSITIONNAME) values (4,'boss');
commit;
REM INSERTING into ZAZ.PROJECT
SET DEFINE OFF;
Insert into ZAZ.PROJECT (PROJECTID,PROJECTTITLE,PROJECTDESCRIPTION,PROJECTPRICE) values (1,'Deserted Ostrich',null,41240);
Insert into ZAZ.PROJECT (PROJECTID,PROJECTTITLE,PROJECTDESCRIPTION,PROJECTPRICE) values (2,'Dangerous Metaphor',null,251106);
Insert into ZAZ.PROJECT (PROJECTID,PROJECTTITLE,PROJECTDESCRIPTION,PROJECTPRICE) values (3,'Disappointed Rubber',null,25469);
Insert into ZAZ.PROJECT (PROJECTID,PROJECTTITLE,PROJECTDESCRIPTION,PROJECTPRICE) values (4,'Freaky Kangaroo',null,461880);
Insert into ZAZ.PROJECT (PROJECTID,PROJECTTITLE,PROJECTDESCRIPTION,PROJECTPRICE) values (5,'Leather Icy',null,84043);
Insert into ZAZ.PROJECT (PROJECTID,PROJECTTITLE,PROJECTDESCRIPTION,PROJECTPRICE) values (6,'Postal Confidential',null,523594);
Insert into ZAZ.PROJECT (PROJECTID,PROJECTTITLE,PROJECTDESCRIPTION,PROJECTPRICE) values (7,'Accidentally Flag',null,238061);
Insert into ZAZ.PROJECT (PROJECTID,PROJECTTITLE,PROJECTDESCRIPTION,PROJECTPRICE) values (8,'Sad Nocturnal Plutonium',null,936824);
Insert into ZAZ.PROJECT (PROJECTID,PROJECTTITLE,PROJECTDESCRIPTION,PROJECTPRICE) values (9,'Creek Ninth',null,327084);
Insert into ZAZ.PROJECT (PROJECTID,PROJECTTITLE,PROJECTDESCRIPTION,PROJECTPRICE) values (10,'Lost Jazz',null,436683);
Insert into ZAZ.PROJECT (PROJECTID,PROJECTTITLE,PROJECTDESCRIPTION,PROJECTPRICE) values (11,'Steamy Tungsten',null,509564);
Insert into ZAZ.PROJECT (PROJECTID,PROJECTTITLE,PROJECTDESCRIPTION,PROJECTPRICE) values (12,'Firecracker Hideous',null,66617);
Insert into ZAZ.PROJECT (PROJECTID,PROJECTTITLE,PROJECTDESCRIPTION,PROJECTPRICE) values (13,'Brave Spider',null,927985);
Insert into ZAZ.PROJECT (PROJECTID,PROJECTTITLE,PROJECTDESCRIPTION,PROJECTPRICE) values (14,'Streaming Toupee',null,258941);
Insert into ZAZ.PROJECT (PROJECTID,PROJECTTITLE,PROJECTDESCRIPTION,PROJECTPRICE) values (15,'Flying Steamy Kangaroo',null,730940);
Insert into ZAZ.PROJECT (PROJECTID,PROJECTTITLE,PROJECTDESCRIPTION,PROJECTPRICE) values (16,'Warehouse Angry',null,950732);
Insert into ZAZ.PROJECT (PROJECTID,PROJECTTITLE,PROJECTDESCRIPTION,PROJECTPRICE) values (17,'Shiny Tombstone',null,377907);
Insert into ZAZ.PROJECT (PROJECTID,PROJECTTITLE,PROJECTDESCRIPTION,PROJECTPRICE) values (18,'Tuba Icy',null,681163);
Insert into ZAZ.PROJECT (PROJECTID,PROJECTTITLE,PROJECTDESCRIPTION,PROJECTPRICE) values (19,'Teal Frostbite',null,232724);
Insert into ZAZ.PROJECT (PROJECTID,PROJECTTITLE,PROJECTDESCRIPTION,PROJECTPRICE) values (20,'Hidden Star',null,434593);
Insert into ZAZ.PROJECT (PROJECTID,PROJECTTITLE,PROJECTDESCRIPTION,PROJECTPRICE) values (21,'Eastern Sound',null,52117);
Insert into ZAZ.PROJECT (PROJECTID,PROJECTTITLE,PROJECTDESCRIPTION,PROJECTPRICE) values (22,'Moving Hungry Sledgehammer',null,858850);
Insert into ZAZ.PROJECT (PROJECTID,PROJECTTITLE,PROJECTDESCRIPTION,PROJECTPRICE) values (23,'Torpedo Homeless',null,405470);
Insert into ZAZ.PROJECT (PROJECTID,PROJECTTITLE,PROJECTDESCRIPTION,PROJECTPRICE) values (24,'Temporary Toupee',null,835443);
Insert into ZAZ.PROJECT (PROJECTID,PROJECTTITLE,PROJECTDESCRIPTION,PROJECTPRICE) values (25,'Freaky Knife',null,727941);
Insert into ZAZ.PROJECT (PROJECTID,PROJECTTITLE,PROJECTDESCRIPTION,PROJECTPRICE) values (26,'Steady Wrench',null,689379);
Insert into ZAZ.PROJECT (PROJECTID,PROJECTTITLE,PROJECTDESCRIPTION,PROJECTPRICE) values (27,'Swift Wrench',null,418365);
Insert into ZAZ.PROJECT (PROJECTID,PROJECTTITLE,PROJECTDESCRIPTION,PROJECTPRICE) values (28,'Navy Sun',null,129541);
Insert into ZAZ.PROJECT (PROJECTID,PROJECTTITLE,PROJECTDESCRIPTION,PROJECTPRICE) values (29,'Timely Snake',null,231226);
Insert into ZAZ.PROJECT (PROJECTID,PROJECTTITLE,PROJECTDESCRIPTION,PROJECTPRICE) values (30,'Official Tainted Cat',null,495337);
commit;
REM INSERTING into ZAZ.SEVERITY
SET DEFINE OFF;
Insert into ZAZ.SEVERITY (SEVERITYID,SEVERITYNAME) values (1,'blocked');
Insert into ZAZ.SEVERITY (SEVERITYID,SEVERITYNAME) values (2,'critical');
Insert into ZAZ.SEVERITY (SEVERITYID,SEVERITYNAME) values (3,'normal');
Insert into ZAZ.SEVERITY (SEVERITYID,SEVERITYNAME) values (4,'major');
Insert into ZAZ.SEVERITY (SEVERITYID,SEVERITYNAME) values (5,'feature request');
commit;
REM INSERTING into ZAZ.STATUS
SET DEFINE OFF;
Insert into ZAZ.STATUS (STATUSID,STATUSNAME) values (1,'new');
Insert into ZAZ.STATUS (STATUSID,STATUSNAME) values (2,'assigned');
Insert into ZAZ.STATUS (STATUSID,STATUSNAME) values (3,'reopened');
Insert into ZAZ.STATUS (STATUSID,STATUSNAME) values (4,'verifield');
Insert into ZAZ.STATUS (STATUSID,STATUSNAME) values (5,'closed');
Insert into ZAZ.STATUS (STATUSID,STATUSNAME) values (6,'unconfirmed');
commit;
--------------------------------------------------------
--  DDL for Index PK_COMPONENT
--------------------------------------------------------

  CREATE UNIQUE INDEX "ZAZ"."PK_COMPONENT" ON "ZAZ"."COMPONENT" ("COMPONENTID") 
  PCTFREE 10 INITRANS 2 MAXTRANS 255 COMPUTE STATISTICS 
  STORAGE(INITIAL 65536 NEXT 1048576 MINEXTENTS 1 MAXEXTENTS 2147483645
  PCTINCREASE 0 FREELISTS 1 FREELIST GROUPS 1 BUFFER_POOL DEFAULT FLASH_CACHE DEFAULT CELL_FLASH_CACHE DEFAULT)
  TABLESPACE "USERS" ;
--------------------------------------------------------
--  DDL for Index PK_SEVERITY
--------------------------------------------------------

  CREATE UNIQUE INDEX "ZAZ"."PK_SEVERITY" ON "ZAZ"."SEVERITY" ("SEVERITYID") 
  PCTFREE 10 INITRANS 2 MAXTRANS 255 COMPUTE STATISTICS 
  STORAGE(INITIAL 65536 NEXT 1048576 MINEXTENTS 1 MAXEXTENTS 2147483645
  PCTINCREASE 0 FREELISTS 1 FREELIST GROUPS 1 BUFFER_POOL DEFAULT FLASH_CACHE DEFAULT CELL_FLASH_CACHE DEFAULT)
  TABLESPACE "USERS" ;
--------------------------------------------------------
--  DDL for Index PK_STATUS
--------------------------------------------------------

  CREATE UNIQUE INDEX "ZAZ"."PK_STATUS" ON "ZAZ"."STATUS" ("STATUSID") 
  PCTFREE 10 INITRANS 2 MAXTRANS 255 COMPUTE STATISTICS 
  STORAGE(INITIAL 65536 NEXT 1048576 MINEXTENTS 1 MAXEXTENTS 2147483645
  PCTINCREASE 0 FREELISTS 1 FREELIST GROUPS 1 BUFFER_POOL DEFAULT FLASH_CACHE DEFAULT CELL_FLASH_CACHE DEFAULT)
  TABLESPACE "USERS" ;
--------------------------------------------------------
--  Constraints for Table SEVERITY
--------------------------------------------------------

  ALTER TABLE "ZAZ"."SEVERITY" ADD CONSTRAINT "PK_SEVERITY" PRIMARY KEY ("SEVERITYID")
  USING INDEX PCTFREE 10 INITRANS 2 MAXTRANS 255 COMPUTE STATISTICS 
  STORAGE(INITIAL 65536 NEXT 1048576 MINEXTENTS 1 MAXEXTENTS 2147483645
  PCTINCREASE 0 FREELISTS 1 FREELIST GROUPS 1 BUFFER_POOL DEFAULT FLASH_CACHE DEFAULT CELL_FLASH_CACHE DEFAULT)
  TABLESPACE "USERS"  ENABLE;
 
  ALTER TABLE "ZAZ"."SEVERITY" MODIFY ("SEVERITYID" NOT NULL ENABLE);
 
  ALTER TABLE "ZAZ"."SEVERITY" MODIFY ("SEVERITYNAME" NOT NULL ENABLE);
--------------------------------------------------------
--  Constraints for Table PROJECT
--------------------------------------------------------

  ALTER TABLE "ZAZ"."PROJECT" MODIFY ("PROJECTID" NOT NULL ENABLE);
 
  ALTER TABLE "ZAZ"."PROJECT" MODIFY ("PROJECTTITLE" NOT NULL ENABLE);
 
  ALTER TABLE "ZAZ"."PROJECT" MODIFY ("PROJECTPRICE" NOT NULL ENABLE);
 
  ALTER TABLE "ZAZ"."PROJECT" ADD PRIMARY KEY ("PROJECTID")
  USING INDEX PCTFREE 10 INITRANS 2 MAXTRANS 255 COMPUTE STATISTICS 
  STORAGE(INITIAL 65536 NEXT 1048576 MINEXTENTS 1 MAXEXTENTS 2147483645
  PCTINCREASE 0 FREELISTS 1 FREELIST GROUPS 1 BUFFER_POOL DEFAULT FLASH_CACHE DEFAULT CELL_FLASH_CACHE DEFAULT)
  TABLESPACE "USERS"  ENABLE;
--------------------------------------------------------
--  Constraints for Table STATUS
--------------------------------------------------------

  ALTER TABLE "ZAZ"."STATUS" ADD CONSTRAINT "PK_STATUS" PRIMARY KEY ("STATUSID")
  USING INDEX PCTFREE 10 INITRANS 2 MAXTRANS 255 COMPUTE STATISTICS 
  STORAGE(INITIAL 65536 NEXT 1048576 MINEXTENTS 1 MAXEXTENTS 2147483645
  PCTINCREASE 0 FREELISTS 1 FREELIST GROUPS 1 BUFFER_POOL DEFAULT FLASH_CACHE DEFAULT CELL_FLASH_CACHE DEFAULT)
  TABLESPACE "USERS"  ENABLE;
 
  ALTER TABLE "ZAZ"."STATUS" MODIFY ("STATUSID" NOT NULL ENABLE);
--------------------------------------------------------
--  Constraints for Table COMPONENT
--------------------------------------------------------

  ALTER TABLE "ZAZ"."COMPONENT" ADD CONSTRAINT "PK_COMPONENT" PRIMARY KEY ("COMPONENTID")
  USING INDEX PCTFREE 10 INITRANS 2 MAXTRANS 255 COMPUTE STATISTICS 
  STORAGE(INITIAL 65536 NEXT 1048576 MINEXTENTS 1 MAXEXTENTS 2147483645
  PCTINCREASE 0 FREELISTS 1 FREELIST GROUPS 1 BUFFER_POOL DEFAULT FLASH_CACHE DEFAULT CELL_FLASH_CACHE DEFAULT)
  TABLESPACE "USERS"  ENABLE;
 
  ALTER TABLE "ZAZ"."COMPONENT" MODIFY ("COMPONENTID" NOT NULL ENABLE);
 
  ALTER TABLE "ZAZ"."COMPONENT" MODIFY ("COMPONENTTITLE" NOT NULL ENABLE);
--------------------------------------------------------
--  Constraints for Table POSITION
--------------------------------------------------------

  ALTER TABLE "ZAZ"."POSITION" MODIFY ("POSITIONID" NOT NULL ENABLE);
 
  ALTER TABLE "ZAZ"."POSITION" MODIFY ("POSITIONNAME" NOT NULL ENABLE);
 
  ALTER TABLE "ZAZ"."POSITION" ADD PRIMARY KEY ("POSITIONID")
  USING INDEX PCTFREE 10 INITRANS 2 MAXTRANS 255 COMPUTE STATISTICS 
  STORAGE(INITIAL 65536 NEXT 1048576 MINEXTENTS 1 MAXEXTENTS 2147483645
  PCTINCREASE 0 FREELISTS 1 FREELIST GROUPS 1 BUFFER_POOL DEFAULT FLASH_CACHE DEFAULT CELL_FLASH_CACHE DEFAULT)
  TABLESPACE "USERS"  ENABLE;
--------------------------------------------------------
--  Constraints for Table EMPLOYEE
--------------------------------------------------------

  ALTER TABLE "ZAZ"."EMPLOYEE" MODIFY ("EMPID" NOT NULL ENABLE);
 
  ALTER TABLE "ZAZ"."EMPLOYEE" MODIFY ("EMPFNAME" NOT NULL ENABLE);
 
  ALTER TABLE "ZAZ"."EMPLOYEE" MODIFY ("EMPSNAME" NOT NULL ENABLE);
 
  ALTER TABLE "ZAZ"."EMPLOYEE" MODIFY ("EMPPOSITIONID" NOT NULL ENABLE);
 
  ALTER TABLE "ZAZ"."EMPLOYEE" ADD PRIMARY KEY ("EMPID")
  USING INDEX PCTFREE 10 INITRANS 2 MAXTRANS 255 COMPUTE STATISTICS 
  STORAGE(INITIAL 65536 NEXT 1048576 MINEXTENTS 1 MAXEXTENTS 2147483645
  PCTINCREASE 0 FREELISTS 1 FREELIST GROUPS 1 BUFFER_POOL DEFAULT FLASH_CACHE DEFAULT CELL_FLASH_CACHE DEFAULT)
  TABLESPACE "USERS"  ENABLE;
--------------------------------------------------------
--  Ref Constraints for Table EMPLOYEE
--------------------------------------------------------

  ALTER TABLE "ZAZ"."EMPLOYEE" ADD CONSTRAINT "FK_EMPPOSITION" FOREIGN KEY ("EMPPOSITIONID")
	  REFERENCES "ZAZ"."POSITION" ("POSITIONID") ENABLE;
--------------------------------------------------------
--  DDL for Trigger BUG_TRIGGER
--------------------------------------------------------

  CREATE OR REPLACE TRIGGER "ZAZ"."BUG_TRIGGER" 
BEFORE INSERT ON Bug
FOR EACH ROW
BEGIN
  SELECT BUG_Seq.nextval INTO :new.bugid FROM DUAL;
END;
/
ALTER TRIGGER "ZAZ"."BUG_TRIGGER" ENABLE;
--------------------------------------------------------
--  DDL for Trigger COMPONENT_TRIG
--------------------------------------------------------

  CREATE OR REPLACE TRIGGER "ZAZ"."COMPONENT_TRIG" 
BEFORE INSERT ON Component
FOR EACH ROW
BEGIN
  SELECT Component_Seq.NEXTVAL
  INTO   :new.componentid
  FROM   dual;
END;
/
ALTER TRIGGER "ZAZ"."COMPONENT_TRIG" ENABLE;
--------------------------------------------------------
--  DDL for Trigger EMP_TRIG
--------------------------------------------------------

  CREATE OR REPLACE TRIGGER "ZAZ"."EMP_TRIG" 
BEFORE INSERT ON Employee
FOR EACH ROW
BEGIN
  SELECT Emp_Seq.NEXTVAL
  INTO   :new.empid
  FROM   dual;
END;
/
ALTER TRIGGER "ZAZ"."EMP_TRIG" ENABLE;
--------------------------------------------------------
--  DDL for Trigger POS_TRIG
--------------------------------------------------------

  CREATE OR REPLACE TRIGGER "ZAZ"."POS_TRIG" 
BEFORE INSERT ON Position
FOR EACH ROW
BEGIN
  SELECT Pos_Seq.NEXTVAL
  INTO   :new.positionid
  FROM   dual;
END;
/
ALTER TRIGGER "ZAZ"."POS_TRIG" ENABLE;
--------------------------------------------------------
--  DDL for Trigger PROJECT_TRIGGER
--------------------------------------------------------

  CREATE OR REPLACE TRIGGER "ZAZ"."PROJECT_TRIGGER" 
BEFORE INSERT ON Project
FOR EACH ROW
BEGIN
  SELECT Project_Seq.NEXTVAL
  INTO   :new.projectid
  FROM   dual;
END;
/
ALTER TRIGGER "ZAZ"."PROJECT_TRIGGER" ENABLE;
--------------------------------------------------------
--  DDL for Trigger SEVERITY_TRIG
--------------------------------------------------------

  CREATE OR REPLACE TRIGGER "ZAZ"."SEVERITY_TRIG" 
BEFORE INSERT ON Severity
FOR EACH ROW
BEGIN
  SELECT Severity_Seq.NEXTVAL
  INTO   :new.severityid
  FROM   dual;
END;
/
ALTER TRIGGER "ZAZ"."SEVERITY_TRIG" ENABLE;
--------------------------------------------------------
--  DDL for Trigger STATUS_TRIG
--------------------------------------------------------

  CREATE OR REPLACE TRIGGER "ZAZ"."STATUS_TRIG" 
BEFORE INSERT ON Status
FOR EACH ROW
BEGIN
  SELECT Status_Seq.NEXTVAL
  INTO   :new.statusid
  FROM   dual;
END;
/
ALTER TRIGGER "ZAZ"."STATUS_TRIG" ENABLE;
--------------------------------------------------------
--  DDL for Function BUGCOUNT
--------------------------------------------------------

  CREATE OR REPLACE FUNCTION "ZAZ"."BUGCOUNT" 
  RETURN number
IS
  bug_count NUMBER;
BEGIN
  SELECT COUNT(*) INTO bug_count FROM Bug WHERE bugfixerid = 0;
  RETURN bug_count;
END;

CREATE OR REPLACE FUNCTION Min3(
  a IN NUMBER,
  b IN NUMBER,
  c IN NUMBER)
  RETURN NUMBER
IS
BEGIN
  if a < b THEN
    IF a < c THEN
      return a;
    END IF;
    IF c < b THEN
      return c;
    END IF;
  END IF;
  return b;
END;

execute DBMS_OUTPUT.Enable(100000);

DECLARE
  mx NUMBER;
BEGIN
  mx := MIN3(2,3,4);
  DBMS_OUTPUT.PUT_LINE(mx);
END;

SELECT * FROM FRom bug where bugid = 1

/
--------------------------------------------------------
--  DDL for Function MIN3
--------------------------------------------------------

  CREATE OR REPLACE FUNCTION "ZAZ"."MIN3" (
  a IN NUMBER,
  b IN NUMBER,
  c IN NUMBER)
  RETURN NUMBER
IS
BEGIN
  if a > b THEN
    IF a > c THEN
      return a;
    END IF;
    IF c > b THEN
      return c;
    END IF;
  END IF;
  return b;
END;

/
--------------------------------------------------------
--  DDL for Procedure PC_BUGOFEMPLOYEE
--------------------------------------------------------
set define off;

  CREATE OR REPLACE PROCEDURE "ZAZ"."PC_BUGOFEMPLOYEE" ( pempid IN INTEGER )
IS
  SELECT empfname, empsname
  FROM Employee e
    INNER JOIN Bug b ON b.bugfixerid = e.empid
  WHERE e.empid = pempid;
  

/

SELECT 
  BUGSUBMITTED
  
FROM BUG ;

